-- phpMyAdmin SQL Dump
-- version 4.2.7.1
-- http://www.phpmyadmin.net
--
-- Host: 127.0.0.1
-- Generation Time: Dec 01, 2014 at 12:16 PM
-- Server version: 5.6.20
-- PHP Version: 5.5.15

SET SQL_MODE = "NO_AUTO_VALUE_ON_ZERO";
SET time_zone = "+00:00";


/*!40101 SET @OLD_CHARACTER_SET_CLIENT=@@CHARACTER_SET_CLIENT */;
/*!40101 SET @OLD_CHARACTER_SET_RESULTS=@@CHARACTER_SET_RESULTS */;
/*!40101 SET @OLD_COLLATION_CONNECTION=@@COLLATION_CONNECTION */;
/*!40101 SET NAMES utf8 */;

--
-- Database: `turf_db`
--

-- --------------------------------------------------------

--
-- Table structure for table `accounts`
--

CREATE TABLE IF NOT EXISTS `accounts` (
`account_id` mediumint(8) unsigned NOT NULL,
  `account_name` varchar(40) NOT NULL,
  `balance` mediumint(9) NOT NULL,
  `pincode` char(40) DEFAULT NULL,
  `account_creation_date` datetime NOT NULL,
  `credit_limit` mediumint(8) unsigned NOT NULL DEFAULT '0'
) ENGINE=InnoDB  DEFAULT CHARSET=latin1 AUTO_INCREMENT=21 ;

--
-- Dumping data for table `accounts`
--

INSERT INTO `accounts` (`account_id`, `account_name`, `balance`, `pincode`, `account_creation_date`, `credit_limit`) VALUES
(1, 'PINACCOUNT', 0, NULL, '2014-09-27 13:22:33', 0),
(2, 'CASHACCOUNT', 0, NULL, '2014-10-23 11:32:58', 0),
(3, 'SCHRAPACCOUNT', 0, NULL, '2014-10-23 11:32:58', 0),
(4, 'Jaap', 6830, NULL, '2014-10-23 11:32:58', 0),
(5, 'Johnny Cash', 250, NULL, '2014-11-29 16:07:12', 0),
(6, 'Roeland Lievens', 0, NULL, '2014-11-30 01:11:26', 0),
(7, 'mark ijspeert', 0, NULL, '2014-11-30 01:12:17', 0),
(8, 'Anton Geesink', 0, NULL, '2014-11-30 01:12:30', 0),
(9, 'testaccount'''' ', 0, NULL, '2014-11-30 01:13:03', 0),
(10, 'Kasper Eekhout', 0, NULL, '2014-11-30 01:21:16', 0),
(11, 'Jaap Wesdorp', 0, NULL, '2014-11-30 01:21:24', 0),
(16, 'Ingmar Klappe', 0, NULL, '2014-11-30 01:37:34', 0),
(17, 'Kevin Land', 0, NULL, '2014-11-30 01:37:37', 0),
(18, 'Joost van Dam', 0, NULL, '2014-11-30 01:37:43', 0),
(20, 'Vincent Huls', 0, NULL, '2014-11-30 01:40:07', 0);

-- --------------------------------------------------------

--
-- Table structure for table `admins`
--

CREATE TABLE IF NOT EXISTS `admins` (
`admin_id` mediumint(8) unsigned NOT NULL,
  `user_id` mediumint(8) unsigned DEFAULT NULL,
  `login` varchar(45) NOT NULL,
  `pass` char(40) NOT NULL
) ENGINE=InnoDB  DEFAULT CHARSET=latin1 AUTO_INCREMENT=4 ;

--
-- Dumping data for table `admins`
--

INSERT INTO `admins` (`admin_id`, `user_id`, `login`, `pass`) VALUES
(1, NULL, 'default', '7505d64a54e061b7acd54ccd58b49dc43500b635'),
(2, NULL, 'kasper', '789b49606c321c8cf228d17942608eff0ccc4171'),
(3, NULL, '', 'da39a3ee5e6b4b0d3255bfef95601890afd80709');

-- --------------------------------------------------------

--
-- Table structure for table `admin_changes`
--

CREATE TABLE IF NOT EXISTS `admin_changes` (
`admin_change_id` mediumint(8) unsigned NOT NULL,
  `current_product_price_class_id` mediumint(8) unsigned NOT NULL,
  `admin_id` mediumint(8) unsigned NOT NULL,
  `admin_change_date` datetime NOT NULL,
  `admin_change_description` varchar(45) DEFAULT NULL
) ENGINE=InnoDB  DEFAULT CHARSET=latin1 AUTO_INCREMENT=96 ;

--
-- Dumping data for table `admin_changes`
--

INSERT INTO `admin_changes` (`admin_change_id`, `current_product_price_class_id`, `admin_id`, `admin_change_date`, `admin_change_description`) VALUES
(1, 1, 1, '2014-09-29 22:35:29', NULL),
(2, 1, 1, '2014-10-08 23:19:49', NULL),
(3, 1, 1, '2014-10-08 23:21:04', NULL),
(4, 1, 1, '2014-10-08 23:23:27', NULL),
(5, 1, 1, '2014-10-08 23:44:24', NULL),
(6, 1, 1, '2014-10-09 00:17:53', NULL),
(7, 1, 1, '2014-10-09 01:03:15', NULL),
(8, 1, 1, '2014-10-09 01:04:17', NULL),
(9, 1, 1, '2014-10-09 01:15:16', NULL),
(10, 1, 1, '2014-10-09 01:15:41', NULL),
(11, 1, 1, '2014-11-24 00:35:26', NULL),
(12, 1, 1, '2014-11-24 00:35:37', NULL),
(13, 2, 1, '2014-11-24 00:36:12', NULL),
(14, 1, 1, '2014-11-24 00:38:27', NULL),
(15, 2, 1, '2014-11-24 01:14:09', NULL),
(16, 1, 1, '2014-11-24 01:15:11', NULL),
(17, 2, 1, '2014-11-24 22:54:14', NULL),
(18, 1, 1, '2014-11-24 22:54:28', NULL),
(19, 2, 3, '2014-11-30 13:06:34', 'Prijsklasse veranderd'),
(20, 3, 3, '2014-11-30 13:06:35', 'Prijsklasse veranderd'),
(21, 2, 3, '2014-11-30 13:06:36', 'Prijsklasse veranderd'),
(22, 1, 3, '2014-11-30 13:06:37', 'Prijsklasse veranderd'),
(23, 2, 3, '2014-11-30 13:06:45', 'Prijsklasse veranderd'),
(24, 3, 3, '2014-11-30 13:06:46', 'Prijsklasse veranderd'),
(25, 2, 3, '2014-11-30 13:06:47', 'Prijsklasse veranderd'),
(26, 1, 3, '2014-11-30 13:06:48', 'Prijsklasse veranderd'),
(27, 3, 3, '2014-11-30 13:07:05', 'Prijsklasse veranderd'),
(28, 2, 3, '2014-11-30 13:07:06', 'Prijsklasse veranderd'),
(29, 1, 3, '2014-11-30 13:07:06', 'Prijsklasse veranderd'),
(30, 2, 3, '2014-11-30 13:07:08', 'Prijsklasse veranderd'),
(31, 3, 3, '2014-11-30 13:07:12', 'Prijsklasse veranderd'),
(32, 2, 3, '2014-11-30 13:07:13', 'Prijsklasse veranderd'),
(33, 1, 3, '2014-11-30 13:07:13', 'Prijsklasse veranderd'),
(34, 2, 3, '2014-11-30 13:11:43', 'Prijsklasse veranderd'),
(35, 3, 3, '2014-11-30 13:11:44', 'Prijsklasse veranderd'),
(36, 2, 3, '2014-11-30 13:11:44', 'Prijsklasse veranderd'),
(37, 1, 3, '2014-11-30 13:11:45', 'Prijsklasse veranderd'),
(38, 2, 3, '2014-11-30 13:11:45', 'Prijsklasse veranderd'),
(39, 3, 3, '2014-11-30 13:11:45', 'Prijsklasse veranderd'),
(40, 2, 3, '2014-11-30 13:11:46', 'Prijsklasse veranderd'),
(41, 3, 3, '2014-11-30 13:12:16', 'Prijsklasse veranderd'),
(42, 2, 3, '2014-11-30 13:12:18', 'Prijsklasse veranderd'),
(43, 1, 3, '2014-11-30 13:12:19', 'Prijsklasse veranderd'),
(44, 2, 3, '2014-11-30 13:12:19', 'Prijsklasse veranderd'),
(45, 3, 3, '2014-11-30 13:12:20', 'Prijsklasse veranderd'),
(46, 2, 3, '2014-11-30 13:12:20', 'Prijsklasse veranderd'),
(47, 1, 3, '2014-11-30 13:12:20', 'Prijsklasse veranderd'),
(48, 2, 3, '2014-11-30 13:12:22', 'Prijsklasse veranderd'),
(49, 3, 3, '2014-11-30 13:12:22', 'Prijsklasse veranderd'),
(50, 2, 3, '2014-11-30 13:12:22', 'Prijsklasse veranderd'),
(51, 1, 3, '2014-11-30 13:12:23', 'Prijsklasse veranderd'),
(52, 2, 3, '2014-11-30 13:12:23', 'Prijsklasse veranderd'),
(53, 3, 3, '2014-11-30 13:12:23', 'Prijsklasse veranderd'),
(54, 2, 3, '2014-11-30 13:12:24', 'Prijsklasse veranderd'),
(55, 1, 3, '2014-11-30 13:12:24', 'Prijsklasse veranderd'),
(56, 2, 3, '2014-11-30 13:12:24', 'Prijsklasse veranderd'),
(57, 1, 3, '2014-11-30 13:16:34', 'Prijsklasse veranderd'),
(58, 3, 3, '2014-11-30 13:16:37', 'Prijsklasse veranderd'),
(59, 2, 3, '2014-11-30 13:16:38', 'Prijsklasse veranderd'),
(60, 1, 3, '2014-11-30 13:16:38', 'Prijsklasse veranderd'),
(61, 2, 3, '2014-11-30 17:24:12', 'Prijsklasse veranderd'),
(62, 1, 3, '2014-11-30 17:24:15', 'Prijsklasse veranderd'),
(63, 1, 1, '2014-12-01 01:38:47', 'Bar visibility changed'),
(64, 1, 1, '2014-12-01 01:39:09', 'Bar visibility changed'),
(65, 1, 1, '2014-12-01 09:51:35', 'Bar visibility changed'),
(66, 1, 1, '2014-12-01 09:51:59', 'Bar visibility changed'),
(67, 2, 3, '2014-12-01 11:39:31', 'Prijsklasse veranderd'),
(68, 3, 3, '2014-12-01 11:39:33', 'Prijsklasse veranderd'),
(69, 2, 3, '2014-12-01 11:39:35', 'Prijsklasse veranderd'),
(70, 1, 3, '2014-12-01 11:39:36', 'Prijsklasse veranderd'),
(71, 2, 3, '2014-12-01 11:41:31', 'Prijsklasse veranderd'),
(72, 3, 3, '2014-12-01 11:41:32', 'Prijsklasse veranderd'),
(73, 2, 3, '2014-12-01 11:41:34', 'Prijsklasse veranderd'),
(74, 1, 3, '2014-12-01 11:41:35', 'Prijsklasse veranderd'),
(75, 2, 3, '2014-12-01 11:41:37', 'Prijsklasse veranderd'),
(76, 3, 3, '2014-12-01 11:41:40', 'Prijsklasse veranderd'),
(77, 2, 3, '2014-12-01 11:41:41', 'Prijsklasse veranderd'),
(78, 1, 3, '2014-12-01 11:41:42', 'Prijsklasse veranderd'),
(79, 1, 3, '2014-12-01 11:45:29', 'Bar visibility changed'),
(80, 1, 3, '2014-12-01 11:46:31', 'Bar visibility changed'),
(81, 2, 3, '2014-12-01 11:49:28', 'Prijsklasse veranderd'),
(82, 1, 3, '2014-12-01 11:50:36', 'Prijsklasse veranderd'),
(83, 2, 3, '2014-12-01 11:50:39', 'Prijsklasse veranderd'),
(84, 1, 3, '2014-12-01 11:50:41', 'Prijsklasse veranderd'),
(85, 2, 3, '2014-12-01 11:50:43', 'Prijsklasse veranderd'),
(86, 2, 3, '2014-12-01 11:57:01', 'Bar visibility changed'),
(87, 2, 3, '2014-12-01 11:57:09', 'Bar visibility changed'),
(88, 1, 3, '2014-12-01 12:00:15', 'Prijsklasse veranderd'),
(89, 3, 3, '2014-12-01 12:00:15', 'Prijsklasse veranderd'),
(90, 2, 3, '2014-12-01 12:00:17', 'Prijsklasse veranderd'),
(91, 1, 3, '2014-12-01 12:00:18', 'Prijsklasse veranderd'),
(92, 2, 3, '2014-12-01 12:00:19', 'Prijsklasse veranderd'),
(93, 3, 3, '2014-12-01 12:00:20', 'Prijsklasse veranderd'),
(94, 1, 3, '2014-12-01 12:00:20', 'Prijsklasse veranderd'),
(95, 1, 3, '2014-12-01 12:00:26', 'Bar visibility changed');

-- --------------------------------------------------------

--
-- Table structure for table `admin_logs`
--

CREATE TABLE IF NOT EXISTS `admin_logs` (
`admin_log_id` mediumint(8) unsigned NOT NULL,
  `admin_log_date` datetime NOT NULL,
  `admin_log_type` tinyint(1) NOT NULL DEFAULT '1',
  `bar_id` mediumint(8) unsigned NOT NULL,
  `flow_meter_readout` float NOT NULL,
  `admin_id` mediumint(8) unsigned NOT NULL
) ENGINE=InnoDB  DEFAULT CHARSET=latin1 AUTO_INCREMENT=605 ;

--
-- Dumping data for table `admin_logs`
--

INSERT INTO `admin_logs` (`admin_log_id`, `admin_log_date`, `admin_log_type`, `bar_id`, `flow_meter_readout`, `admin_id`) VALUES
(1, '2014-09-28 01:27:31', 1, 1, 1000, 2),
(2, '2014-11-23 12:17:44', 1, 1, 0, 3),
(3, '2014-11-23 12:18:03', 0, 1, 0, 3),
(4, '2014-11-23 13:02:48', 1, 2, 0, 3),
(5, '2014-11-23 13:02:53', 0, 2, 0, 3),
(6, '2014-11-23 13:15:19', 1, 1, 0, 3),
(7, '2014-11-23 13:15:44', 1, 2, 0, 3),
(8, '2014-11-23 13:16:02', 0, 1, 0, 3),
(9, '2014-11-23 13:16:43', 0, 2, 0, 3),
(10, '2014-11-24 01:01:29', 1, 1, 0, 3),
(11, '2014-11-24 01:02:29', 1, 1, 0, 3),
(12, '2014-11-24 01:02:40', 0, 1, 0, 3),
(13, '2014-11-24 01:04:09', 1, 1, 0, 3),
(14, '2014-11-24 01:06:17', 1, 2, 0, 3),
(15, '2014-11-24 01:06:28', 0, 2, 0, 3),
(16, '2014-11-24 01:06:32', 0, 1, 0, 3),
(17, '2014-11-24 01:06:35', 0, 1, 0, 3),
(18, '2014-11-24 01:08:34', 1, 1, 0, 3),
(19, '2014-11-24 01:08:45', 0, 1, 0, 3),
(20, '2014-11-24 01:10:45', 1, 1, 0, 3),
(21, '2014-11-24 01:11:12', 0, 1, 0, 3),
(22, '2014-11-24 01:15:32', 1, 1, 0, 3),
(23, '2014-11-24 23:15:32', 1, 1, 0, 1),
(24, '2014-11-24 23:16:04', 0, 1, 0, 1),
(25, '2014-11-24 23:16:50', 1, 1, 0, 3),
(26, '2014-11-24 23:17:41', 0, 1, 0, 3),
(27, '2014-11-25 00:45:34', 1, 1, 0, 3),
(28, '2014-11-25 00:45:36', 1, 1, 0, 3),
(29, '2014-11-25 00:45:39', 1, 1, 0, 3),
(30, '2014-11-25 00:46:28', 0, 1, 0, 3),
(31, '2014-11-25 00:47:23', 1, 1, 0, 3),
(32, '2014-11-25 00:47:36', 0, 1, 0, 3),
(33, '2014-11-25 01:12:56', 1, 1, 0, 3),
(34, '2014-11-25 01:12:57', 0, 1, 0, 3),
(35, '2014-11-25 01:13:38', 1, 1, 0, 3),
(36, '2014-11-25 01:13:44', 0, 1, 0, 3),
(37, '2014-11-25 01:14:00', 1, 1, 0, 3),
(38, '2014-11-25 01:14:17', 0, 1, 0, 3),
(39, '2014-11-25 01:15:57', 1, 1, 0, 3),
(40, '2014-11-25 01:16:13', 0, 1, 0, 3),
(41, '2014-11-25 01:22:47', 1, 1, 0, 3),
(42, '2014-11-25 01:24:29', 1, 1, 0, 3),
(43, '2014-11-25 01:24:36', 0, 1, 0, 3),
(44, '2014-11-25 01:25:23', 0, 1, 0, 3),
(45, '2014-11-25 01:26:46', 1, 1, 0, 3),
(46, '2014-11-25 01:28:18', 1, 1, 0, 3),
(47, '2014-11-25 01:29:04', 0, 1, 0, 3),
(48, '2014-11-25 01:29:05', 0, 1, 0, 3),
(49, '2014-11-25 01:29:11', 1, 1, 0, 3),
(50, '2014-11-25 01:31:45', 0, 1, 0, 3),
(51, '2014-11-25 01:32:12', 1, 1, 0, 3),
(52, '2014-11-25 01:40:17', 1, 1, 0, 3),
(53, '2014-11-25 01:41:23', 0, 1, 0, 3),
(54, '2014-11-25 01:41:26', 0, 1, 0, 3),
(55, '2014-11-25 01:41:29', 1, 1, 0, 3),
(56, '2014-11-25 01:43:02', 0, 1, 0, 3),
(57, '2014-11-25 01:43:06', 1, 1, 0, 3),
(58, '2014-11-25 01:44:11', 0, 1, 0, 3),
(59, '2014-11-25 01:44:18', 1, 1, 0, 3),
(60, '2014-11-25 01:44:21', 0, 1, 0, 3),
(61, '2014-11-25 01:45:31', 1, 1, 0, 3),
(62, '2014-11-25 01:45:44', 0, 1, 0, 3),
(63, '2014-11-25 01:46:27', 1, 1, 0, 3),
(64, '2014-11-25 01:46:34', 0, 1, 0, 3),
(65, '2014-11-25 01:48:04', 1, 1, 0, 3),
(66, '2014-11-25 01:48:10', 0, 1, 0, 3),
(67, '2014-11-25 01:49:58', 1, 1, 0, 3),
(68, '2014-11-25 01:50:21', 0, 1, 0, 3),
(69, '2014-11-25 01:50:27', 1, 1, 0, 3),
(70, '2014-11-25 01:52:22', 0, 1, 0, 3),
(71, '2014-11-25 01:52:28', 1, 1, 0, 3),
(72, '2014-11-25 01:53:34', 0, 1, 0, 3),
(73, '2014-11-25 01:53:42', 1, 1, 0, 3),
(74, '2014-11-25 01:55:04', 0, 1, 0, 3),
(75, '2014-11-25 01:55:10', 1, 1, 0, 3),
(76, '2014-11-25 01:59:15', 0, 1, 0, 3),
(77, '2014-11-25 01:59:20', 1, 1, 0, 3),
(78, '2014-11-25 01:59:38', 0, 1, 0, 3),
(79, '2014-11-25 01:59:46', 1, 1, 0, 3),
(80, '2014-11-25 01:59:49', 0, 1, 0, 3),
(81, '2014-11-25 02:12:21', 1, 1, 0, 3),
(82, '2014-11-25 02:12:59', 0, 1, 0, 3),
(83, '2014-11-25 02:13:14', 1, 1, 0, 3),
(84, '2014-11-25 02:14:48', 0, 1, 0, 3),
(85, '2014-11-25 02:14:59', 1, 1, 0, 3),
(86, '2014-11-25 02:15:22', 0, 1, 0, 3),
(87, '2014-11-25 02:16:04', 1, 1, 0, 3),
(88, '2014-11-25 02:16:55', 0, 1, 0, 3),
(89, '2014-11-25 02:17:14', 1, 1, 0, 3),
(90, '2014-11-25 02:17:28', 0, 1, 0, 3),
(91, '2014-11-25 02:18:00', 1, 1, 0, 3),
(92, '2014-11-25 21:17:54', 1, 1, 0, 3),
(93, '2014-11-25 21:18:52', 1, 1, 0, 3),
(94, '2014-11-25 21:21:57', 0, 1, 0, 3),
(95, '2014-11-25 21:21:58', 0, 1, 0, 3),
(96, '2014-11-25 21:22:33', 1, 1, 0, 3),
(97, '2014-11-25 21:28:51', 1, 1, 0, 3),
(98, '2014-11-25 21:30:20', 0, 1, 0, 3),
(99, '2014-11-25 21:30:22', 0, 1, 0, 3),
(100, '2014-11-25 21:30:35', 1, 1, 0, 3),
(101, '2014-11-25 21:34:01', 1, 1, 0, 3),
(102, '2014-11-25 21:38:19', 0, 1, 0, 3),
(103, '2014-11-25 21:38:20', 0, 1, 0, 3),
(104, '2014-11-25 21:38:28', 1, 1, 0, 3),
(105, '2014-11-25 21:38:51', 0, 1, 0, 3),
(106, '2014-11-25 21:38:58', 1, 1, 0, 3),
(107, '2014-11-25 22:04:01', 1, 1, 0, 3),
(108, '2014-11-25 22:04:18', 0, 1, 0, 3),
(109, '2014-11-25 22:05:01', 0, 1, 0, 3),
(110, '2014-11-25 22:05:11', 1, 1, 0, 3),
(111, '2014-11-25 22:18:20', 1, 1, 0, 3),
(112, '2014-11-25 22:20:31', 0, 1, 0, 3),
(113, '2014-11-25 22:20:37', 1, 1, 0, 3),
(114, '2014-11-25 22:25:14', 1, 1, 0, 3),
(115, '2014-11-25 22:25:16', 0, 1, 0, 3),
(116, '2014-11-25 22:25:48', 1, 1, 0, 3),
(117, '2014-11-25 22:26:00', 0, 1, 0, 3),
(118, '2014-11-25 22:27:18', 1, 1, 0, 3),
(119, '2014-11-25 22:27:53', 0, 1, 0, 3),
(120, '2014-11-25 22:27:56', 0, 1, 0, 3),
(121, '2014-11-25 22:28:02', 1, 1, 0, 3),
(122, '2014-11-25 22:28:23', 0, 1, 0, 3),
(123, '2014-11-25 22:47:14', 1, 1, 0, 3),
(124, '2014-11-25 22:47:17', 0, 1, 0, 3),
(125, '2014-11-25 23:36:43', 1, 1, 0, 3),
(126, '2014-11-25 23:38:27', 0, 1, 0, 3),
(127, '2014-11-26 00:06:05', 1, 1, 0, 3),
(128, '2014-11-26 00:07:37', 0, 1, 0, 3),
(129, '2014-11-26 00:08:08', 1, 1, 0, 3),
(130, '2014-11-26 00:09:30', 0, 1, 0, 3),
(131, '2014-11-26 01:11:35', 1, 1, 0, 3),
(132, '2014-11-26 01:12:19', 0, 1, 0, 3),
(133, '2014-11-26 01:14:31', 1, 1, 0, 3),
(134, '2014-11-26 01:14:52', 0, 1, 0, 3),
(135, '2014-11-26 01:15:01', 1, 1, 0, 3),
(136, '2014-11-26 01:15:11', 0, 1, 0, 3),
(137, '2014-11-26 01:16:07', 1, 1, 0, 3),
(138, '2014-11-26 01:16:18', 0, 1, 0, 3),
(139, '2014-11-26 01:16:36', 1, 1, 0, 3),
(140, '2014-11-26 01:16:44', 0, 1, 0, 3),
(141, '2014-11-26 01:17:05', 1, 1, 0, 3),
(142, '2014-11-26 01:17:15', 0, 1, 0, 3),
(143, '2014-11-26 01:19:39', 1, 1, 0, 3),
(144, '2014-11-26 01:19:53', 0, 1, 0, 3),
(145, '2014-11-26 01:20:53', 1, 1, 0, 3),
(146, '2014-11-26 01:21:16', 0, 1, 0, 3),
(147, '2014-11-26 11:39:19', 1, 1, 0, 3),
(148, '2014-11-26 11:40:34', 0, 1, 0, 3),
(149, '2014-11-26 11:42:46', 1, 1, 0, 3),
(150, '2014-11-26 11:43:07', 0, 1, 0, 3),
(151, '2014-11-26 11:43:12', 1, 1, 0, 3),
(152, '2014-11-26 11:43:56', 0, 1, 0, 3),
(153, '2014-11-26 11:45:03', 1, 1, 0, 3),
(154, '2014-11-26 11:51:43', 0, 1, 0, 3),
(155, '2014-11-26 11:51:47', 1, 1, 0, 3),
(156, '2014-11-26 11:55:05', 0, 1, 0, 3),
(157, '2014-11-26 11:57:00', 1, 1, 0, 3),
(158, '2014-11-26 11:57:29', 0, 1, 0, 3),
(159, '2014-11-26 11:58:29', 1, 1, 0, 3),
(160, '2014-11-26 12:32:05', 0, 1, 0, 3),
(161, '2014-11-26 12:46:13', 1, 1, 0, 3),
(162, '2014-11-26 12:47:04', 0, 1, 0, 3),
(163, '2014-11-26 12:48:22', 1, 1, 0, 3),
(164, '2014-11-26 12:53:51', 0, 1, 0, 3),
(165, '2014-11-26 12:53:57', 1, 1, 0, 3),
(166, '2014-11-26 12:55:43', 0, 1, 0, 3),
(167, '2014-11-26 12:55:49', 1, 1, 0, 3),
(168, '2014-11-26 12:57:13', 0, 1, 0, 3),
(169, '2014-11-26 12:57:19', 1, 1, 0, 3),
(170, '2014-11-26 12:57:38', 0, 1, 0, 3),
(171, '2014-11-26 13:20:03', 1, 1, 0, 3),
(172, '2014-11-26 13:26:41', 0, 1, 0, 3),
(173, '2014-11-26 13:26:44', 1, 1, 0, 3),
(174, '2014-11-26 13:36:26', 1, 1, 0, 3),
(175, '2014-11-26 13:37:22', 0, 1, 0, 3),
(176, '2014-11-26 13:37:53', 0, 1, 0, 3),
(177, '2014-11-26 13:37:58', 1, 1, 0, 3),
(178, '2014-11-26 13:38:18', 0, 1, 0, 3),
(179, '2014-11-26 13:44:56', 1, 1, 0, 3),
(180, '2014-11-26 13:45:09', 0, 1, 0, 3),
(181, '2014-11-26 13:50:45', 1, 1, 0, 3),
(182, '2014-11-26 13:52:28', 1, 1, 0, 3),
(183, '2014-11-26 13:56:32', 0, 1, 0, 3),
(184, '2014-11-26 13:56:33', 0, 1, 0, 3),
(185, '2014-11-26 13:56:37', 1, 1, 0, 3),
(186, '2014-11-26 13:57:10', 0, 1, 0, 3),
(187, '2014-11-26 13:57:14', 1, 1, 0, 3),
(188, '2014-11-26 13:58:47', 1, 1, 0, 3),
(189, '2014-11-26 14:29:35', 0, 1, 0, 3),
(190, '2014-11-26 14:36:26', 0, 1, 0, 3),
(191, '2014-11-26 14:50:11', 1, 1, 0, 3),
(192, '2014-11-26 14:52:00', 0, 1, 0, 3),
(193, '2014-11-26 14:57:42', 1, 1, 0, 3),
(194, '2014-11-26 14:57:51', 0, 1, 0, 3),
(195, '2014-11-26 14:58:22', 1, 1, 0, 3),
(196, '2014-11-26 15:02:48', 1, 1, 0, 3),
(197, '2014-11-26 22:43:23', 1, 1, 0, 3),
(198, '2014-11-26 22:48:36', 0, 1, 0, 3),
(199, '2014-11-26 22:48:43', 1, 1, 0, 3),
(200, '2014-11-26 22:49:36', 0, 1, 0, 3),
(201, '2014-11-26 22:54:47', 1, 1, 0, 3),
(202, '2014-11-26 22:55:07', 0, 1, 0, 3),
(203, '2014-11-26 22:55:18', 1, 1, 0, 3),
(204, '2014-11-26 22:59:19', 0, 1, 0, 3),
(205, '2014-11-26 23:12:41', 1, 1, 0, 3),
(206, '2014-11-26 23:12:45', 0, 1, 0, 3),
(207, '2014-11-26 23:13:34', 1, 1, 0, 3),
(208, '2014-11-26 23:13:39', 0, 1, 0, 3),
(209, '2014-11-26 23:17:09', 1, 1, 0, 3),
(210, '2014-11-26 23:17:17', 0, 1, 0, 3),
(211, '2014-11-26 23:17:27', 1, 1, 0, 3),
(212, '2014-11-26 23:17:34', 0, 1, 0, 3),
(213, '2014-11-26 23:18:24', 1, 1, 0, 3),
(214, '2014-11-26 23:18:42', 0, 1, 0, 3),
(215, '2014-11-26 23:23:05', 1, 1, 0, 3),
(216, '2014-11-26 23:23:16', 0, 1, 0, 3),
(217, '2014-11-26 23:23:29', 1, 1, 0, 3),
(218, '2014-11-26 23:23:47', 0, 1, 0, 3),
(219, '2014-11-26 23:50:53', 1, 1, 0, 3),
(220, '2014-11-26 23:52:34', 0, 1, 0, 3),
(221, '2014-11-26 23:52:40', 1, 1, 0, 3),
(222, '2014-11-26 23:54:01', 0, 1, 0, 3),
(223, '2014-11-26 23:58:04', 1, 1, 0, 3),
(224, '2014-11-26 23:58:40', 0, 1, 0, 3),
(225, '2014-11-27 00:06:48', 1, 1, 0, 3),
(226, '2014-11-27 00:12:49', 0, 1, 0, 3),
(227, '2014-11-27 00:13:10', 1, 1, 0, 3),
(228, '2014-11-27 00:13:55', 0, 1, 0, 3),
(229, '2014-11-27 00:14:51', 1, 1, 0, 3),
(230, '2014-11-27 00:15:43', 0, 1, 0, 3),
(231, '2014-11-27 00:30:50', 1, 1, 0, 3),
(232, '2014-11-27 00:31:25', 0, 1, 0, 3),
(233, '2014-11-27 00:33:19', 1, 1, 0, 3),
(234, '2014-11-27 00:34:11', 0, 1, 0, 3),
(235, '2014-11-27 00:36:54', 1, 1, 0, 3),
(236, '2014-11-27 00:51:22', 0, 1, 0, 3),
(237, '2014-11-27 00:51:28', 1, 1, 0, 3),
(238, '2014-11-27 00:51:50', 0, 1, 0, 3),
(239, '2014-11-27 04:28:06', 1, 1, 0, 3),
(240, '2014-11-27 04:33:10', 0, 1, 0, 3),
(241, '2014-11-27 04:33:19', 1, 1, 0, 3),
(242, '2014-11-27 04:47:10', 1, 1, 0, 3),
(243, '2014-11-27 04:50:21', 0, 1, 0, 3),
(244, '2014-11-27 04:50:40', 0, 1, 0, 3),
(245, '2014-11-27 11:58:13', 1, 1, 0, 3),
(246, '2014-11-27 12:04:38', 0, 1, 0, 3),
(247, '2014-11-27 12:14:27', 1, 1, 0, 3),
(248, '2014-11-27 12:17:03', 0, 1, 0, 3),
(249, '2014-11-27 12:17:09', 1, 1, 0, 3),
(250, '2014-11-27 12:18:55', 0, 1, 0, 3),
(251, '2014-11-27 12:19:54', 1, 1, 0, 3),
(252, '2014-11-27 12:25:46', 0, 1, 0, 3),
(253, '2014-11-27 12:25:53', 1, 1, 0, 3),
(254, '2014-11-27 12:26:12', 0, 1, 0, 3),
(255, '2014-11-27 12:27:51', 1, 1, 0, 3),
(256, '2014-11-27 12:28:10', 0, 1, 0, 3),
(257, '2014-11-27 12:30:12', 1, 1, 0, 3),
(258, '2014-11-27 13:05:36', 1, 1, 0, 3),
(259, '2014-11-27 13:31:20', 0, 1, 0, 3),
(260, '2014-11-27 13:31:23', 1, 1, 0, 3),
(261, '2014-11-27 13:32:05', 1, 1, 0, 3),
(262, '2014-11-27 13:33:24', 0, 1, 0, 3),
(263, '2014-11-27 13:33:25', 0, 1, 0, 3),
(264, '2014-11-27 13:49:57', 1, 1, 0, 3),
(265, '2014-11-27 13:50:58', 0, 1, 0, 3),
(266, '2014-11-27 13:52:57', 1, 1, 0, 3),
(267, '2014-11-27 13:54:03', 0, 1, 0, 3),
(268, '2014-11-27 13:56:11', 1, 1, 0, 3),
(269, '2014-11-27 14:14:54', 1, 1, 0, 3),
(270, '2014-11-27 14:17:30', 1, 1, 0, 3),
(271, '2014-11-27 14:20:55', 0, 1, 0, 3),
(272, '2014-11-27 14:20:56', 0, 1, 0, 3),
(273, '2014-11-27 14:20:57', 0, 1, 0, 3),
(274, '2014-11-27 14:21:03', 1, 1, 0, 3),
(275, '2014-11-27 14:26:12', 0, 1, 0, 3),
(276, '2014-11-27 14:26:19', 1, 1, 0, 3),
(277, '2014-11-27 14:33:00', 0, 1, 0, 3),
(278, '2014-11-27 14:41:34', 1, 1, 0, 3),
(279, '2014-11-27 14:44:09', 0, 1, 0, 3),
(280, '2014-11-27 14:44:18', 1, 1, 0, 3),
(281, '2014-11-27 14:47:39', 0, 1, 0, 3),
(282, '2014-11-27 14:48:15', 1, 1, 0, 3),
(283, '2014-11-27 14:49:40', 0, 1, 0, 3),
(284, '2014-11-27 14:52:58', 1, 1, 0, 3),
(285, '2014-11-27 14:54:03', 1, 1, 0, 3),
(286, '2014-11-27 14:54:57', 0, 1, 0, 3),
(287, '2014-11-27 14:54:58', 0, 1, 0, 3),
(288, '2014-11-27 14:57:52', 1, 1, 0, 3),
(289, '2014-11-27 14:58:53', 1, 1, 0, 3),
(290, '2014-11-27 15:08:16', 1, 1, 0, 3),
(291, '2014-11-27 15:09:12', 1, 1, 0, 3),
(292, '2014-11-27 15:11:22', 1, 1, 0, 3),
(293, '2014-11-27 15:18:17', 0, 1, 0, 3),
(294, '2014-11-27 15:18:18', 0, 1, 0, 3),
(295, '2014-11-27 15:18:19', 0, 1, 0, 3),
(296, '2014-11-27 15:18:20', 0, 1, 0, 3),
(297, '2014-11-27 15:18:25', 1, 1, 0, 3),
(298, '2014-11-27 15:18:35', 0, 1, 0, 3),
(299, '2014-11-27 15:20:57', 1, 1, 0, 3),
(300, '2014-11-27 15:22:29', 0, 1, 0, 3),
(301, '2014-11-27 15:22:35', 1, 1, 0, 3),
(302, '2014-11-27 15:23:43', 0, 1, 0, 3),
(303, '2014-11-27 15:24:58', 1, 1, 0, 3),
(304, '2014-11-27 15:30:16', 0, 1, 0, 3),
(305, '2014-11-27 15:30:23', 1, 1, 0, 3),
(306, '2014-11-27 15:30:54', 0, 1, 0, 3),
(307, '2014-11-27 15:31:15', 1, 1, 0, 3),
(308, '2014-11-27 21:54:39', 1, 1, 0, 3),
(309, '2014-11-27 22:37:12', 0, 1, 0, 3),
(310, '2014-11-27 22:37:13', 0, 1, 0, 3),
(311, '2014-11-27 22:37:19', 1, 1, 0, 3),
(312, '2014-11-27 22:45:06', 0, 1, 0, 3),
(313, '2014-11-27 22:45:10', 1, 1, 0, 3),
(314, '2014-11-27 22:46:16', 1, 1, 0, 3),
(315, '2014-11-27 22:47:46', 0, 1, 0, 3),
(316, '2014-11-27 22:47:47', 0, 1, 0, 3),
(317, '2014-11-27 22:47:52', 1, 1, 0, 3),
(318, '2014-11-27 22:49:57', 1, 1, 0, 3),
(319, '2014-11-27 22:51:18', 0, 1, 0, 3),
(320, '2014-11-27 22:51:19', 0, 1, 0, 3),
(321, '2014-11-27 22:51:25', 1, 1, 0, 3),
(322, '2014-11-27 23:17:15', 1, 1, 0, 3),
(323, '2014-11-27 23:23:29', 0, 1, 0, 3),
(324, '2014-11-27 23:23:31', 0, 1, 0, 3),
(325, '2014-11-27 23:23:44', 1, 1, 0, 3),
(326, '2014-11-27 23:26:14', 0, 1, 0, 3),
(327, '2014-11-27 23:39:18', 1, 1, 0, 3),
(328, '2014-11-27 23:51:34', 1, 1, 0, 3),
(329, '2014-11-27 23:52:44', 0, 1, 0, 3),
(330, '2014-11-27 23:52:45', 0, 1, 0, 3),
(331, '2014-11-27 23:52:51', 1, 1, 0, 3),
(332, '2014-11-27 23:54:35', 0, 1, 0, 3),
(333, '2014-11-27 23:54:41', 1, 1, 0, 3),
(334, '2014-11-27 23:56:03', 0, 1, 0, 3),
(335, '2014-11-27 23:56:09', 1, 1, 0, 3),
(336, '2014-11-27 23:57:23', 0, 1, 0, 3),
(337, '2014-11-27 23:57:29', 1, 1, 0, 3),
(338, '2014-11-28 00:08:45', 1, 1, 0, 3),
(339, '2014-11-28 00:10:18', 1, 1, 0, 3),
(340, '2014-11-28 00:14:49', 0, 1, 0, 3),
(341, '2014-11-28 00:14:52', 0, 1, 0, 3),
(342, '2014-11-28 00:14:58', 1, 1, 0, 3),
(343, '2014-11-28 00:20:59', 0, 1, 0, 3),
(344, '2014-11-28 00:21:04', 1, 1, 0, 3),
(345, '2014-11-28 00:24:22', 0, 1, 0, 3),
(346, '2014-11-28 00:24:29', 1, 1, 0, 3),
(347, '2014-11-28 00:32:17', 1, 1, 0, 3),
(348, '2014-11-28 00:38:19', 0, 1, 0, 3),
(349, '2014-11-28 00:38:20', 0, 1, 0, 3),
(350, '2014-11-28 00:38:24', 1, 1, 0, 3),
(351, '2014-11-28 00:42:21', 0, 1, 0, 3),
(352, '2014-11-28 00:47:14', 1, 1, 0, 3),
(353, '2014-11-28 00:52:16', 1, 1, 0, 3),
(354, '2014-11-28 01:01:07', 1, 1, 0, 3),
(355, '2014-11-28 01:01:08', 0, 1, 0, 3),
(356, '2014-11-28 01:01:09', 0, 1, 0, 3),
(357, '2014-11-28 01:04:46', 0, 1, 0, 3),
(358, '2014-11-28 01:04:55', 1, 1, 0, 3),
(359, '2014-11-28 01:05:57', 0, 1, 0, 3),
(360, '2014-11-28 01:18:44', 1, 1, 0, 3),
(361, '2014-11-28 01:22:29', 0, 1, 0, 3),
(362, '2014-11-28 01:26:25', 1, 1, 0, 3),
(363, '2014-11-28 01:27:32', 0, 1, 0, 3),
(364, '2014-11-28 01:27:56', 1, 1, 0, 3),
(365, '2014-11-28 01:31:09', 1, 1, 0, 3),
(366, '2014-11-28 01:32:49', 0, 1, 0, 3),
(367, '2014-11-28 01:32:56', 0, 1, 0, 3),
(368, '2014-11-28 01:39:16', 1, 1, 0, 3),
(369, '2014-11-28 01:51:30', 0, 1, 0, 3),
(370, '2014-11-28 01:51:34', 1, 1, 0, 3),
(371, '2014-11-28 01:52:34', 0, 1, 0, 3),
(372, '2014-11-28 02:04:51', 1, 1, 0, 3),
(373, '2014-11-28 02:07:06', 0, 1, 0, 3),
(374, '2014-11-28 02:07:36', 1, 1, 0, 3),
(375, '2014-11-28 02:14:09', 0, 1, 0, 3),
(376, '2014-11-29 15:47:33', 1, 1, 0, 3),
(377, '2014-11-29 16:02:56', 0, 1, 0, 3),
(378, '2014-11-29 16:03:03', 1, 1, 0, 3),
(379, '2014-11-29 16:03:13', 0, 1, 0, 3),
(380, '2014-11-29 16:03:30', 1, 1, 0, 3),
(381, '2014-11-29 16:03:41', 0, 1, 0, 3),
(382, '2014-11-29 16:04:47', 1, 1, 0, 3),
(383, '2014-11-29 16:04:54', 0, 1, 0, 3),
(384, '2014-11-29 16:05:10', 1, 1, 0, 3),
(385, '2014-11-29 16:05:50', 0, 1, 0, 3),
(386, '2014-11-29 16:06:20', 1, 1, 0, 3),
(387, '2014-11-29 16:06:55', 0, 1, 0, 3),
(388, '2014-11-29 16:06:59', 1, 1, 0, 3),
(389, '2014-11-29 16:39:35', 1, 1, 0, 3),
(390, '2014-11-29 16:41:06', 0, 1, 0, 3),
(391, '2014-11-29 16:41:07', 0, 1, 0, 3),
(392, '2014-11-29 16:41:14', 1, 1, 0, 3),
(393, '2014-11-29 16:43:06', 0, 1, 0, 3),
(394, '2014-11-29 16:45:15', 1, 1, 0, 3),
(395, '2014-11-29 16:46:57', 0, 1, 0, 3),
(396, '2014-11-29 16:47:12', 1, 1, 0, 3),
(397, '2014-11-29 16:59:06', 0, 1, 0, 3),
(398, '2014-11-29 17:00:27', 1, 1, 0, 3),
(399, '2014-11-29 17:00:32', 0, 1, 0, 3),
(400, '2014-11-29 18:25:44', 1, 1, 0, 3),
(401, '2014-11-29 18:25:46', 0, 1, 0, 3),
(402, '2014-11-29 18:38:22', 1, 1, 0, 3),
(403, '2014-11-29 18:38:24', 0, 1, 0, 3),
(404, '2014-11-29 18:38:29', 1, 1, 0, 3),
(405, '2014-11-29 18:40:14', 0, 1, 0, 3),
(406, '2014-11-29 19:06:24', 1, 1, 0, 3),
(407, '2014-11-29 19:09:45', 0, 1, 0, 3),
(408, '2014-11-29 20:12:39', 1, 1, 0, 3),
(409, '2014-11-29 20:13:03', 0, 1, 0, 3),
(410, '2014-11-29 20:13:54', 1, 1, 0, 3),
(411, '2014-11-29 20:14:08', 0, 1, 0, 3),
(412, '2014-11-29 20:32:58', 1, 1, 0, 3),
(413, '2014-11-29 20:33:00', 0, 1, 0, 3),
(414, '2014-11-29 21:12:22', 1, 1, 0, 3),
(415, '2014-11-29 21:15:29', 0, 1, 0, 3),
(416, '2014-11-29 21:18:07', 1, 1, 0, 3),
(417, '2014-11-29 21:18:17', 0, 1, 0, 3),
(418, '2014-11-29 21:41:09', 1, 1, 0, 3),
(419, '2014-11-29 21:41:14', 0, 1, 0, 3),
(420, '2014-11-29 21:41:30', 1, 1, 0, 3),
(421, '2014-11-29 21:46:49', 0, 1, 0, 3),
(422, '2014-11-29 21:47:02', 1, 1, 0, 3),
(423, '2014-11-29 21:47:22', 0, 1, 0, 3),
(424, '2014-11-29 21:51:02', 1, 1, 0, 3),
(425, '2014-11-29 21:59:29', 0, 1, 0, 3),
(426, '2014-11-29 21:59:35', 1, 1, 0, 3),
(427, '2014-11-29 21:59:48', 0, 1, 0, 3),
(428, '2014-11-29 22:05:35', 1, 1, 0, 3),
(429, '2014-11-29 22:09:51', 0, 1, 0, 3),
(430, '2014-11-29 22:09:58', 1, 1, 0, 3),
(431, '2014-11-29 22:10:13', 0, 1, 0, 3),
(432, '2014-11-29 22:11:05', 1, 1, 0, 3),
(433, '2014-11-29 22:11:12', 0, 1, 0, 3),
(434, '2014-11-29 22:11:33', 1, 1, 0, 3),
(435, '2014-11-29 22:11:40', 0, 1, 0, 3),
(436, '2014-11-29 22:12:12', 1, 1, 0, 3),
(437, '2014-11-29 22:12:32', 0, 1, 0, 3),
(438, '2014-11-29 22:16:07', 1, 1, 0, 3),
(439, '2014-11-29 22:16:27', 0, 1, 0, 3),
(440, '2014-11-29 22:29:34', 1, 1, 0, 3),
(441, '2014-11-29 22:33:52', 1, 1, 0, 3),
(442, '2014-11-29 22:46:57', 0, 1, 0, 3),
(443, '2014-11-29 22:47:01', 1, 1, 0, 3),
(444, '2014-11-29 22:47:57', 0, 1, 0, 3),
(445, '2014-11-29 22:50:02', 0, 1, 0, 3),
(446, '2014-11-29 22:50:07', 1, 1, 0, 3),
(447, '2014-11-29 22:50:52', 0, 1, 0, 3),
(448, '2014-11-29 22:52:24', 1, 1, 0, 3),
(449, '2014-11-29 22:53:00', 0, 1, 0, 3),
(450, '2014-11-29 22:53:30', 1, 1, 0, 3),
(451, '2014-11-29 22:53:46', 0, 1, 0, 3),
(452, '2014-11-29 22:54:40', 1, 1, 0, 3),
(453, '2014-11-29 22:54:56', 0, 1, 0, 3),
(454, '2014-11-29 22:55:47', 1, 1, 0, 3),
(455, '2014-11-29 22:56:04', 0, 1, 0, 3),
(456, '2014-11-29 22:57:28', 1, 1, 0, 3),
(457, '2014-11-29 22:58:27', 0, 1, 0, 3),
(458, '2014-11-29 23:03:32', 1, 1, 0, 3),
(459, '2014-11-29 23:04:22', 0, 1, 0, 3),
(460, '2014-11-29 23:04:29', 1, 1, 0, 3),
(461, '2014-11-29 23:05:06', 0, 1, 0, 3),
(462, '2014-11-29 23:06:07', 1, 1, 0, 3),
(463, '2014-11-29 23:06:30', 0, 1, 0, 3),
(464, '2014-11-29 23:08:09', 1, 1, 0, 3),
(465, '2014-11-29 23:11:17', 0, 1, 0, 3),
(466, '2014-11-29 23:58:24', 1, 1, 0, 3),
(467, '2014-11-29 23:58:35', 0, 1, 0, 3),
(468, '2014-11-30 00:00:11', 1, 1, 0, 3),
(469, '2014-11-30 00:01:22', 1, 1, 0, 3),
(470, '2014-11-30 00:01:58', 0, 1, 0, 3),
(471, '2014-11-30 00:02:28', 0, 1, 0, 3),
(472, '2014-11-30 00:03:03', 1, 1, 0, 3),
(473, '2014-11-30 00:03:22', 0, 1, 0, 3),
(474, '2014-11-30 00:35:00', 1, 1, 0, 3),
(475, '2014-11-30 00:35:02', 0, 1, 0, 3),
(476, '2014-11-30 00:55:15', 1, 1, 0, 3),
(477, '2014-11-30 01:03:46', 0, 1, 0, 3),
(478, '2014-11-30 01:10:54', 1, 1, 0, 3),
(479, '2014-11-30 01:13:48', 0, 1, 0, 3),
(480, '2014-11-30 01:14:50', 1, 1, 0, 3),
(481, '2014-11-30 01:14:55', 0, 1, 0, 3),
(482, '2014-11-30 01:16:42', 1, 1, 0, 3),
(483, '2014-11-30 01:18:06', 0, 1, 0, 3),
(484, '2014-11-30 01:21:08', 1, 1, 0, 3),
(485, '2014-11-30 01:23:40', 0, 1, 0, 3),
(486, '2014-11-30 01:23:45', 1, 1, 0, 3),
(487, '2014-11-30 01:24:57', 0, 1, 0, 3),
(488, '2014-11-30 01:25:35', 1, 1, 0, 3),
(489, '2014-11-30 01:27:11', 0, 1, 0, 3),
(490, '2014-11-30 01:27:18', 1, 1, 0, 3),
(491, '2014-11-30 01:36:54', 1, 1, 0, 3),
(492, '2014-11-30 01:38:44', 0, 1, 0, 3),
(493, '2014-11-30 01:38:52', 1, 1, 0, 3),
(494, '2014-11-30 01:39:02', 0, 1, 0, 3),
(495, '2014-11-30 01:39:20', 0, 1, 0, 3),
(496, '2014-11-30 01:39:36', 1, 1, 0, 3),
(497, '2014-11-30 01:46:47', 1, 1, 0, 1),
(498, '2014-11-30 01:48:02', 0, 1, 0, 1),
(499, '2014-11-30 01:48:03', 0, 1, 0, 3),
(500, '2014-11-30 01:48:51', 1, 1, 0, 3),
(501, '2014-11-30 02:01:34', 1, 1, 0, 3),
(502, '2014-11-30 02:03:08', 0, 1, 0, 3),
(503, '2014-11-30 02:03:10', 0, 1, 0, 3),
(504, '2014-11-30 02:03:20', 1, 1, 0, 3),
(505, '2014-11-30 02:04:31', 0, 1, 0, 3),
(506, '2014-11-30 13:03:41', 1, 1, 0, 3),
(507, '2014-11-30 13:05:28', 0, 1, 0, 3),
(508, '2014-11-30 13:05:34', 1, 1, 0, 3),
(509, '2014-11-30 13:06:25', 0, 1, 0, 3),
(510, '2014-11-30 13:06:31', 1, 1, 0, 3),
(511, '2014-11-30 13:08:44', 0, 1, 0, 3),
(512, '2014-11-30 13:09:28', 1, 1, 0, 3),
(513, '2014-11-30 13:14:10', 0, 1, 0, 3),
(514, '2014-11-30 13:16:29', 1, 1, 0, 3),
(515, '2014-11-30 17:24:22', 0, 1, 0, 3),
(516, '2014-11-30 17:54:37', 1, 1, 0, 3),
(517, '2014-11-30 17:59:21', 1, 1, 0, 3),
(518, '2014-11-30 17:59:26', 0, 1, 0, 3),
(519, '2014-11-30 21:45:09', 1, 1, 0, 3),
(520, '2014-11-30 21:45:27', 0, 1, 0, 3),
(521, '2014-11-30 22:02:37', 1, 1, 0, 3),
(522, '2014-11-30 22:02:55', 0, 1, 0, 3),
(523, '2014-11-30 22:03:58', 1, 1, 0, 3),
(524, '2014-11-30 22:04:15', 0, 1, 0, 3),
(525, '2014-11-30 22:04:38', 1, 1, 0, 3),
(526, '2014-11-30 22:05:36', 0, 1, 0, 3),
(527, '2014-11-30 22:18:03', 1, 1, 0, 3),
(528, '2014-11-30 23:09:17', 0, 1, 0, 3),
(529, '2014-11-30 23:17:12', 1, 1, 0, 3),
(530, '2014-11-30 23:17:41', 0, 1, 0, 3),
(531, '2014-11-30 23:18:33', 1, 1, 0, 3),
(532, '2014-11-30 23:18:48', 0, 1, 0, 3),
(533, '2014-11-30 23:19:08', 1, 1, 0, 3),
(534, '2014-11-30 23:24:56', 1, 1, 0, 3),
(535, '2014-11-30 23:26:34', 1, 1, 0, 3),
(536, '2014-11-30 23:26:52', 0, 1, 0, 3),
(537, '2014-11-30 23:43:05', 1, 1, 0, 3),
(538, '2014-11-30 23:47:30', 1, 2, 0, 3),
(539, '2014-11-30 23:48:43', 1, 2, 0, 3),
(540, '2014-11-30 23:49:23', 0, 2, 0, 3),
(541, '2014-11-30 23:50:33', 0, 2, 0, 3),
(542, '2014-11-30 23:50:34', 0, 1, 0, 3),
(543, '2014-11-30 23:50:35', 0, 1, 0, 3),
(544, '2014-11-30 23:50:35', 0, 1, 0, 3),
(545, '2014-12-01 00:50:08', 1, 1, 0, 3),
(546, '2014-12-01 00:51:29', 0, 1, 0, 3),
(547, '2014-12-01 00:51:35', 1, 1, 0, 3),
(548, '2014-12-01 00:54:19', 0, 1, 0, 3),
(549, '2014-12-01 01:18:35', 1, 1, 0, 3),
(550, '2014-12-01 01:19:16', 0, 1, 0, 3),
(551, '2014-12-01 01:19:20', 1, 1, 0, 3),
(552, '2014-12-01 01:20:47', 1, 1, 0, 3),
(553, '2014-12-01 01:23:51', 1, 1, 0, 3),
(554, '2014-12-01 01:25:46', 0, 1, 0, 3),
(555, '2014-12-01 01:25:47', 0, 1, 0, 3),
(556, '2014-12-01 01:25:47', 0, 1, 0, 3),
(557, '2014-12-01 01:25:51', 1, 1, 0, 3),
(558, '2014-12-01 01:26:22', 0, 1, 0, 3),
(559, '2014-12-01 01:27:29', 1, 1, 0, 3),
(560, '2014-12-01 01:30:07', 1, 1, 0, 3),
(561, '2014-12-01 01:30:25', 0, 1, 0, 3),
(562, '2014-12-01 01:31:36', 1, 1, 0, 3),
(563, '2014-12-01 01:32:02', 0, 1, 0, 3),
(564, '2014-12-01 01:38:30', 1, 1, 0, 3),
(565, '2014-12-01 01:39:24', 0, 1, 0, 3),
(566, '2014-12-01 01:39:54', 0, 1, 0, 3),
(567, '2014-12-01 09:51:20', 1, 1, 0, 3),
(568, '2014-12-01 09:58:29', 0, 1, 0, 3),
(569, '2014-12-01 10:11:58', 1, 1, 0, 3),
(570, '2014-12-01 10:12:19', 0, 1, 0, 3),
(571, '2014-12-01 10:12:24', 1, 1, 0, 3),
(572, '2014-12-01 10:13:09', 0, 1, 0, 3),
(573, '2014-12-01 10:13:14', 1, 1, 0, 3),
(574, '2014-12-01 10:15:53', 0, 1, 0, 3),
(575, '2014-12-01 10:15:58', 1, 1, 0, 3),
(576, '2014-12-01 10:16:20', 0, 1, 0, 3),
(577, '2014-12-01 10:17:31', 1, 1, 0, 3),
(578, '2014-12-01 10:17:53', 0, 1, 0, 3),
(579, '2014-12-01 10:37:17', 1, 1, 0, 3),
(580, '2014-12-01 10:37:53', 0, 1, 0, 3),
(581, '2014-12-01 10:38:27', 1, 1, 0, 3),
(582, '2014-12-01 10:38:46', 0, 1, 0, 3),
(583, '2014-12-01 10:39:29', 1, 1, 0, 3),
(584, '2014-12-01 10:40:13', 0, 1, 0, 3),
(585, '2014-12-01 11:22:58', 1, 1, 0, 3),
(586, '2014-12-01 11:25:21', 1, 1, 0, 3),
(587, '2014-12-01 11:25:54', 0, 1, 0, 3),
(588, '2014-12-01 11:25:59', 1, 1, 0, 3),
(589, '2014-12-01 11:27:30', 1, 1, 0, 3),
(590, '2014-12-01 11:30:36', 0, 1, 0, 3),
(591, '2014-12-01 11:30:36', 0, 1, 0, 3),
(592, '2014-12-01 11:30:37', 0, 1, 0, 3),
(593, '2014-12-01 11:30:56', 1, 1, 0, 3),
(594, '2014-12-01 11:38:17', 0, 1, 0, 3),
(595, '2014-12-01 11:39:29', 1, 1, 0, 3),
(596, '2014-12-01 11:41:04', 0, 1, 0, 3),
(597, '2014-12-01 11:41:27', 1, 1, 0, 3),
(598, '2014-12-01 11:41:53', 0, 1, 0, 3),
(599, '2014-12-01 11:45:05', 1, 1, 0, 3),
(600, '2014-12-01 11:50:50', 0, 1, 0, 3),
(601, '2014-12-01 11:56:44', 1, 1, 0, 3),
(602, '2014-12-01 12:04:27', 0, 1, 0, 3),
(603, '2014-12-01 12:04:31', 1, 1, 0, 3),
(604, '2014-12-01 12:04:57', 0, 1, 0, 3);

-- --------------------------------------------------------

--
-- Table structure for table `bars`
--

CREATE TABLE IF NOT EXISTS `bars` (
`bar_id` mediumint(8) unsigned NOT NULL,
  `bar_name` varchar(45) NOT NULL,
  `current_bar_cash` mediumint(8) unsigned NOT NULL,
  `bar_visibility` tinyint(1) NOT NULL
) ENGINE=InnoDB  DEFAULT CHARSET=latin1 AUTO_INCREMENT=3 ;

--
-- Dumping data for table `bars`
--

INSERT INTO `bars` (`bar_id`, `bar_name`, `current_bar_cash`, `bar_visibility`) VALUES
(1, 'Bovenbar', 0, 1),
(2, 'Benedenbar', 0, 1);

-- --------------------------------------------------------

--
-- Table structure for table `cards`
--

CREATE TABLE IF NOT EXISTS `cards` (
`card_id` mediumint(8) unsigned NOT NULL,
  `account_id` mediumint(8) unsigned NOT NULL,
  `card_uid` varchar(50) NOT NULL,
  `card_atr` varchar(50) DEFAULT NULL,
  `card_name` varchar(30) NOT NULL
) ENGINE=InnoDB  DEFAULT CHARSET=latin1 AUTO_INCREMENT=25 ;

--
-- Dumping data for table `cards`
--

INSERT INTO `cards` (`card_id`, `account_id`, `card_uid`, `card_atr`, `card_name`) VALUES
(20, 4, 'D4C5027A', NULL, 'D4C5027A'),
(23, 4, '245C007A', NULL, '245C007A'),
(24, 5, '657664B4', NULL, 'ov');

-- --------------------------------------------------------

--
-- Table structure for table `clients`
--

CREATE TABLE IF NOT EXISTS `clients` (
`client_id` mediumint(8) unsigned NOT NULL,
  `client_name` varchar(45) NOT NULL,
  `client_visibility` tinyint(1) NOT NULL,
  `bar_id` mediumint(8) unsigned NOT NULL,
  `client_is_active` tinyint(1) NOT NULL DEFAULT '0',
  `last_client_update` datetime NOT NULL
) ENGINE=InnoDB  DEFAULT CHARSET=latin1 AUTO_INCREMENT=7 ;

--
-- Dumping data for table `clients`
--

INSERT INTO `clients` (`client_id`, `client_name`, `client_visibility`, `bar_id`, `client_is_active`, `last_client_update`) VALUES
(1, 'PClinks', 1, 1, 1, '2014-12-01 12:16:26'),
(2, 'PCrechts', 1, 1, 0, '2014-12-01 12:04:57'),
(3, 'PCbeheer', 1, 1, 0, '2014-12-01 11:50:51'),
(4, 'PClinks', 1, 2, 0, '2014-11-30 23:50:33'),
(5, 'PCrechts', 1, 2, 0, '2014-11-30 23:50:32'),
(6, 'PCBeheer', 1, 2, 0, '2014-11-30 23:50:30');

-- --------------------------------------------------------

--
-- Table structure for table `client_logs`
--

CREATE TABLE IF NOT EXISTS `client_logs` (
`client_log_id` mediumint(8) unsigned NOT NULL,
  `client_id` mediumint(8) unsigned NOT NULL,
  `client_log_type` tinyint(1) DEFAULT NULL,
  `log_date` datetime NOT NULL
) ENGINE=InnoDB  DEFAULT CHARSET=latin1 AUTO_INCREMENT=1556 ;

--
-- Dumping data for table `client_logs`
--

INSERT INTO `client_logs` (`client_log_id`, `client_id`, `client_log_type`, `log_date`) VALUES
(189, 1, 1, '2014-10-04 00:26:14'),
(190, 1, 0, '2014-10-04 00:26:19'),
(191, 1, 1, '2014-10-04 00:26:46'),
(192, 1, 0, '2014-10-04 00:26:57'),
(193, 1, 1, '2014-10-04 00:41:43'),
(194, 1, 1, '2014-10-04 00:44:34'),
(195, 1, 0, '2014-10-04 00:44:38'),
(196, 1, 1, '2014-10-04 00:44:50'),
(197, 1, 0, '2014-10-04 00:45:07'),
(198, 1, 1, '2014-10-04 01:01:23'),
(199, 1, 0, '2014-10-04 01:01:46'),
(200, 1, 1, '2014-10-04 01:03:52'),
(201, 1, 0, '2014-10-04 01:03:58'),
(202, 1, 1, '2014-10-04 01:06:34'),
(203, 1, 0, '2014-10-04 01:07:10'),
(204, 1, 1, '2014-10-04 01:08:43'),
(205, 1, 0, '2014-10-04 01:08:55'),
(206, 1, 0, '2014-10-04 01:08:59'),
(207, 1, 1, '2014-10-04 01:09:04'),
(208, 3, 1, '2014-10-04 01:09:12'),
(209, 3, 1, '2014-10-04 01:11:17'),
(210, 3, 0, '2014-10-04 01:11:23'),
(211, 1, 0, '2014-10-04 01:11:24'),
(212, 1, 1, '2014-10-04 01:12:04'),
(213, 1, 1, '2014-10-04 01:14:38'),
(214, 1, 0, '2014-10-04 01:19:50'),
(215, 1, 0, '2014-10-04 01:19:53'),
(216, 3, 0, '2014-10-04 01:19:54'),
(217, 1, 1, '2014-10-04 01:20:00'),
(218, 1, 0, '2014-10-04 01:20:06'),
(219, 1, 1, '2014-10-04 01:21:34'),
(220, 1, 0, '2014-10-04 01:21:53'),
(221, 1, 1, '2014-10-04 01:24:35'),
(222, 1, 0, '2014-10-04 01:25:03'),
(223, 1, 1, '2014-10-04 01:25:55'),
(224, 1, 0, '2014-10-04 01:26:01'),
(225, 1, 1, '2014-10-04 01:26:19'),
(226, 1, 0, '2014-10-04 01:26:21'),
(227, 1, 1, '2014-10-04 01:27:00'),
(228, 1, 0, '2014-10-04 01:28:20'),
(229, 1, 1, '2014-10-04 01:28:24'),
(230, 2, 1, '2014-10-04 01:28:52'),
(231, 1, 0, '2014-10-04 01:28:59'),
(232, 1, 1, '2014-10-04 01:29:14'),
(233, 1, 0, '2014-10-04 01:29:30'),
(234, 2, 0, '2014-10-04 01:30:15'),
(235, 1, 1, '2014-10-04 01:40:32'),
(236, 2, 1, '2014-10-04 01:40:42'),
(237, 2, 0, '2014-10-04 01:40:49'),
(238, 2, 1, '2014-10-04 01:41:00'),
(239, 2, 0, '2014-10-04 01:41:01'),
(240, 2, 1, '2014-10-04 01:41:08'),
(241, 2, 0, '2014-10-04 01:41:09'),
(242, 2, 1, '2014-10-04 01:41:13'),
(243, 2, 0, '2014-10-04 01:41:15'),
(244, 1, 0, '0000-00-00 00:00:00'),
(245, 1, 1, '2014-10-04 01:43:14'),
(246, 1, 0, '2014-10-04 01:43:21'),
(247, 1, 1, '2014-10-04 16:24:25'),
(248, 1, 0, '2014-10-04 16:25:27'),
(249, 1, 1, '2014-10-04 16:26:28'),
(250, 1, 0, '2014-10-04 16:26:35'),
(251, 1, 1, '2014-10-04 16:30:31'),
(252, 1, 0, '2014-10-04 16:30:42'),
(253, 1, 1, '2014-10-04 16:32:52'),
(254, 1, 0, '2014-10-04 16:32:55'),
(255, 1, 1, '2014-10-04 16:33:51'),
(256, 1, 0, '2014-10-04 16:33:53'),
(257, 1, 1, '2014-10-04 16:34:16'),
(258, 1, 0, '2014-10-04 16:34:26'),
(259, 1, 1, '2014-10-04 16:39:32'),
(260, 1, 0, '2014-10-04 16:39:54'),
(261, 5, 1, '2014-10-04 16:40:25'),
(262, 5, 0, '2014-10-04 16:41:05'),
(263, 4, 1, '2014-10-04 16:43:29'),
(264, 4, 0, '2014-10-04 16:43:31'),
(265, 1, 1, '2014-10-04 16:43:36'),
(266, 1, 0, '2014-10-04 16:43:44'),
(267, 1, 1, '2014-10-04 16:45:33'),
(268, 1, 0, '2014-10-04 16:46:10'),
(269, 1, 1, '2014-10-04 16:49:09'),
(270, 1, 0, '0000-00-00 00:00:00'),
(271, 1, 1, '2014-10-05 11:27:50'),
(272, 1, 0, '2014-10-05 11:27:57'),
(273, 1, 1, '2014-10-05 11:35:22'),
(274, 1, 0, '2014-10-05 11:35:40'),
(275, 1, 1, '2014-10-05 11:43:01'),
(276, 1, 0, '2014-10-05 11:43:29'),
(277, 1, 1, '2014-10-05 11:43:59'),
(278, 1, 0, '2014-10-05 11:48:16'),
(279, 4, 1, '2014-10-05 11:48:28'),
(280, 4, 0, '2014-10-05 11:48:34'),
(281, 1, 1, '2014-10-05 11:51:11'),
(282, 1, 0, '2014-10-05 11:51:32'),
(283, 1, 1, '2014-10-05 12:37:31'),
(284, 1, 0, '2014-10-05 13:41:18'),
(285, 1, 1, '2014-10-05 14:44:32'),
(286, 1, 0, '2014-10-05 14:45:37'),
(287, 1, 1, '2014-10-05 14:46:38'),
(288, 1, 0, '2014-10-05 14:47:34'),
(289, 1, 1, '2014-10-05 14:53:48'),
(290, 1, 0, '0000-00-00 00:00:00'),
(291, 1, 1, '2014-10-05 14:58:35'),
(292, 1, 0, '2014-10-05 14:58:37'),
(293, 1, 1, '2014-10-05 14:59:13'),
(294, 1, 0, '2014-10-05 14:59:24'),
(295, 4, 1, '2014-10-05 15:01:14'),
(296, 4, 0, '2014-10-05 15:01:24'),
(297, 1, 1, '2014-10-05 15:01:31'),
(298, 1, 0, '2014-10-05 15:02:15'),
(299, 1, 1, '2014-10-05 15:20:24'),
(300, 1, 0, '2014-10-05 15:20:25'),
(301, 1, 1, '2014-10-05 15:22:01'),
(302, 1, 0, '2014-10-05 15:22:05'),
(303, 1, 1, '2014-10-05 15:22:44'),
(304, 1, 0, '2014-10-05 15:23:15'),
(305, 1, 1, '2014-10-05 15:23:28'),
(306, 1, 0, '2014-10-05 15:23:49'),
(307, 1, 1, '2014-10-05 15:31:25'),
(308, 1, 0, '0000-00-00 00:00:00'),
(309, 1, 1, '2014-10-05 15:38:46'),
(310, 1, 0, '2014-10-05 15:38:48'),
(311, 1, 1, '2014-10-05 15:39:21'),
(312, 1, 0, '2014-10-05 15:41:37'),
(313, 1, 1, '2014-10-05 15:41:59'),
(314, 1, 0, '2014-10-05 15:42:52'),
(315, 1, 1, '2014-10-05 15:50:14'),
(316, 1, 0, '2014-10-05 15:50:19'),
(317, 1, 1, '2014-10-05 15:50:48'),
(318, 1, 0, '2014-10-05 15:51:01'),
(319, 1, 1, '2014-10-05 15:51:26'),
(320, 1, 0, '2014-10-05 15:51:29'),
(321, 1, 1, '2014-10-05 15:52:29'),
(322, 1, 0, '2014-10-05 15:53:51'),
(323, 1, 0, '2014-10-05 15:53:53'),
(324, 1, 0, '2014-10-05 15:53:54'),
(325, 1, 1, '2014-10-05 15:55:15'),
(326, 1, 0, '2014-10-05 15:55:43'),
(327, 1, 1, '2014-10-05 15:55:49'),
(328, 1, 0, '0000-00-00 00:00:00'),
(329, 1, 1, '2014-10-05 16:00:31'),
(330, 1, 0, '0000-00-00 00:00:00'),
(331, 1, 1, '2014-10-05 16:03:48'),
(332, 1, 0, '0000-00-00 00:00:00'),
(333, 1, 1, '2014-10-05 16:06:29'),
(334, 1, 0, '2014-10-05 16:10:43'),
(335, 1, 1, '2014-10-05 16:11:41'),
(336, 1, 0, '2014-10-05 16:14:09'),
(337, 1, 0, '2014-10-05 16:14:10'),
(338, 1, 0, '2014-10-05 16:14:11'),
(339, 1, 0, '2014-10-05 16:14:11'),
(340, 1, 1, '2014-10-05 16:15:27'),
(341, 1, 0, '2014-10-05 16:15:31'),
(342, 1, 1, '2014-10-05 16:16:31'),
(343, 1, 0, '2014-10-05 16:18:03'),
(344, 1, 1, '2014-10-05 16:18:49'),
(345, 1, 0, '2014-10-05 16:39:40'),
(346, 1, 1, '2014-10-05 16:55:40'),
(347, 1, 0, '2014-10-05 16:56:24'),
(348, 1, 1, '2014-10-05 16:56:36'),
(349, 1, 0, '2014-10-05 16:57:13'),
(350, 4, 1, '2014-10-05 17:03:34'),
(351, 4, 0, '2014-10-05 17:04:15'),
(352, 1, 1, '2014-10-05 17:04:21'),
(353, 1, 0, '2014-10-05 17:04:47'),
(354, 1, 1, '2014-10-05 17:05:10'),
(355, 1, 0, '2014-10-05 17:09:49'),
(356, 1, 1, '2014-10-05 17:10:06'),
(357, 1, 0, '2014-10-05 17:10:43'),
(358, 1, 1, '2014-10-05 17:11:55'),
(359, 1, 0, '2014-10-05 17:12:29'),
(360, 4, 1, '2014-10-05 17:12:36'),
(361, 4, 0, '2014-10-05 17:13:33'),
(362, 1, 1, '2014-10-05 17:16:18'),
(363, 1, 0, '2014-10-05 17:16:20'),
(364, 1, 1, '2014-10-05 17:16:53'),
(365, 1, 0, '2014-10-05 17:16:58'),
(366, 1, 1, '2014-10-05 17:17:37'),
(367, 1, 0, '2014-10-05 17:17:39'),
(368, 4, 1, '2014-10-05 17:18:11'),
(369, 4, 0, '2014-10-05 17:18:15'),
(370, 1, 1, '2014-10-05 17:32:44'),
(371, 1, 0, '2014-10-05 17:36:29'),
(372, 1, 1, '2014-10-06 10:46:22'),
(373, 1, 0, '2014-10-06 10:50:18'),
(374, 1, 1, '2014-10-07 16:21:53'),
(375, 1, 0, '2014-10-07 16:24:26'),
(376, 1, 1, '2014-10-08 21:48:26'),
(377, 1, 0, '2014-10-08 21:48:39'),
(378, 1, 1, '2014-10-08 21:53:09'),
(379, 1, 0, '0000-00-00 00:00:00'),
(380, 1, 1, '2014-10-08 21:55:03'),
(381, 1, 0, '0000-00-00 00:00:00'),
(382, 1, 1, '2014-10-08 22:04:01'),
(383, 2, 1, '2014-10-08 22:04:50'),
(384, 1, 0, '0000-00-00 00:00:00'),
(385, 2, 0, '0000-00-00 00:00:00'),
(386, 1, 1, '2014-10-08 22:11:03'),
(387, 1, 0, '2014-10-08 22:11:15'),
(388, 2, 0, '2014-10-08 22:11:17'),
(389, 1, 0, '2014-10-08 22:11:18'),
(390, 1, 0, '2014-10-08 22:11:21'),
(391, 1, 0, '2014-10-08 22:11:21'),
(392, 1, 1, '2014-10-08 22:17:11'),
(393, 1, 0, '0000-00-00 00:00:00'),
(394, 1, 1, '2014-10-08 22:19:20'),
(395, 1, 0, '2014-10-08 22:21:47'),
(396, 1, 0, '2014-10-08 22:21:47'),
(397, 4, 1, '2014-10-08 22:22:37'),
(398, 4, 0, '0000-00-00 00:00:00'),
(399, 1, 1, '2014-10-08 22:24:01'),
(400, 1, 0, '0000-00-00 00:00:00'),
(401, 1, 1, '2014-10-08 22:26:59'),
(402, 1, 0, '0000-00-00 00:00:00'),
(403, 4, 1, '2014-10-08 22:29:01'),
(404, 4, 0, '2014-10-08 22:29:25'),
(405, 1, 0, '2014-10-08 22:29:26'),
(406, 1, 0, '2014-10-08 22:29:26'),
(407, 4, 0, '2014-10-08 22:29:27'),
(408, 1, 1, '2014-10-08 22:29:29'),
(409, 4, 1, '2014-10-08 22:30:02'),
(410, 4, 0, '2014-10-08 22:30:07'),
(411, 1, 0, '0000-00-00 00:00:00'),
(412, 1, 1, '2014-10-08 22:34:28'),
(413, 1, 0, '0000-00-00 00:00:00'),
(414, 1, 1, '2014-10-08 22:36:17'),
(415, 1, 0, '0000-00-00 00:00:00'),
(416, 1, 1, '2014-10-08 22:37:44'),
(417, 1, 0, '2014-10-08 22:38:05'),
(418, 1, 0, '2014-10-08 22:38:06'),
(419, 1, 0, '2014-10-08 22:38:07'),
(420, 1, 0, '2014-10-08 22:38:07'),
(421, 1, 1, '2014-10-08 22:39:31'),
(422, 1, 0, '0000-00-00 00:00:00'),
(423, 1, 1, '2014-10-08 22:41:44'),
(424, 1, 0, '2014-10-08 22:44:47'),
(425, 1, 1, '2014-10-08 22:45:17'),
(426, 1, 0, '0000-00-00 00:00:00'),
(427, 1, 1, '2014-10-08 22:48:08'),
(428, 2, 1, '2014-10-08 22:48:24'),
(429, 1, 0, '0000-00-00 00:00:00'),
(430, 2, 0, '0000-00-00 00:00:00'),
(431, 1, 1, '2014-10-08 22:56:57'),
(432, 1, 0, '0000-00-00 00:00:00'),
(433, 1, 1, '2014-10-08 22:59:01'),
(434, 1, 0, '2014-10-08 23:00:04'),
(435, 2, 0, '2014-10-08 23:00:07'),
(436, 1, 0, '2014-10-08 23:00:09'),
(437, 1, 0, '2014-10-08 23:00:11'),
(438, 1, 0, '2014-10-08 23:00:13'),
(439, 1, 1, '2014-10-08 23:16:33'),
(440, 1, 0, '0000-00-00 00:00:00'),
(441, 1, 1, '2014-10-08 23:20:41'),
(442, 2, 1, '2014-10-08 23:20:47'),
(443, 2, 0, '2014-10-08 23:22:57'),
(444, 1, 0, '2014-10-08 23:22:58'),
(445, 1, 0, '2014-10-08 23:23:02'),
(446, 1, 1, '2014-10-08 23:23:07'),
(447, 2, 1, '2014-10-08 23:23:12'),
(448, 3, 1, '2014-10-08 23:23:18'),
(449, 1, 0, '0000-00-00 00:00:00'),
(450, 2, 0, '0000-00-00 00:00:00'),
(451, 3, 0, '0000-00-00 00:00:00'),
(452, 1, 1, '2014-10-08 23:24:59'),
(453, 3, 0, '2014-10-08 23:25:41'),
(454, 2, 0, '2014-10-08 23:25:44'),
(455, 1, 0, '2014-10-08 23:25:46'),
(456, 1, 1, '2014-10-08 23:31:46'),
(457, 2, 1, '2014-10-08 23:32:05'),
(458, 2, 0, '2014-10-08 23:32:22'),
(459, 1, 0, '2014-10-08 23:32:23'),
(460, 1, 1, '2014-10-08 23:39:42'),
(461, 2, 1, '2014-10-08 23:40:15'),
(462, 3, 1, '2014-10-08 23:40:34'),
(463, 4, 1, '2014-10-08 23:41:07'),
(464, 5, 1, '2014-10-08 23:42:01'),
(465, 6, 1, '2014-10-08 23:42:08'),
(466, 1, 0, '2014-10-08 23:44:46'),
(467, 2, 0, '2014-10-08 23:44:48'),
(468, 3, 0, '2014-10-08 23:44:48'),
(469, 4, 0, '2014-10-08 23:44:49'),
(470, 5, 0, '2014-10-08 23:44:49'),
(471, 6, 0, '2014-10-08 23:44:50'),
(472, 1, 1, '2014-10-08 23:45:02'),
(473, 2, 1, '2014-10-08 23:45:12'),
(474, 2, 0, '2014-10-08 23:46:51'),
(475, 1, 0, '2014-10-08 23:46:52'),
(476, 1, 1, '2014-10-08 23:46:58'),
(477, 2, 1, '2014-10-08 23:47:22'),
(478, 1, 0, '2014-10-08 23:47:33'),
(479, 1, 1, '2014-10-08 23:48:29'),
(480, 3, 1, '2014-10-08 23:48:51'),
(481, 1, 0, '2014-10-08 23:49:42'),
(482, 3, 0, '2014-10-08 23:49:44'),
(483, 2, 0, '2014-10-08 23:51:25'),
(484, 1, 1, '2014-10-08 23:51:38'),
(485, 1, 0, '0000-00-00 00:00:00'),
(486, 1, 1, '2014-10-08 23:52:20'),
(487, 1, 0, '2014-10-08 23:52:42'),
(488, 1, 1, '2014-10-08 23:56:14'),
(489, 1, 0, '2014-10-08 23:58:39'),
(490, 1, 1, '2014-10-09 00:00:32'),
(491, 1, 0, '2014-10-09 00:00:35'),
(492, 1, 1, '2014-10-09 00:05:37'),
(493, 1, 0, '0000-00-00 00:00:00'),
(494, 1, 1, '2014-10-09 00:16:00'),
(495, 1, 0, '2014-10-09 00:18:16'),
(496, 1, 1, '2014-10-09 00:23:44'),
(497, 1, 0, '2014-10-09 00:23:51'),
(498, 1, 1, '2014-10-09 00:25:16'),
(499, 1, 0, '2014-10-09 00:25:25'),
(500, 1, 1, '2014-10-09 00:28:07'),
(501, 1, 0, '2014-10-09 00:28:09'),
(502, 4, 1, '2014-10-09 00:34:17'),
(503, 4, 0, '0000-00-00 00:00:00'),
(504, 1, 1, '2014-10-09 00:42:59'),
(505, 1, 0, '2014-10-09 00:43:10'),
(506, 1, 1, '2014-10-09 00:45:06'),
(507, 1, 0, '2014-10-09 00:45:11'),
(508, 1, 1, '2014-10-09 00:48:52'),
(509, 1, 0, '2014-10-09 00:49:03'),
(510, 1, 1, '2014-10-09 00:59:27'),
(511, 1, 0, '2014-10-09 00:59:35'),
(512, 1, 1, '2014-10-09 01:00:38'),
(513, 1, 0, '2014-10-09 01:00:45'),
(514, 1, 1, '2014-10-09 01:02:47'),
(515, 1, 0, '2014-10-09 01:03:34'),
(516, 1, 1, '2014-10-09 01:04:08'),
(517, 1, 0, '2014-10-09 01:04:31'),
(518, 1, 1, '2014-10-09 01:12:41'),
(519, 1, 0, '0000-00-00 00:00:00'),
(520, 1, 1, '2014-10-09 01:13:31'),
(521, 1, 0, '2014-10-09 01:13:33'),
(522, 1, 1, '2014-10-09 01:14:24'),
(523, 1, 0, '2014-10-09 01:14:27'),
(524, 1, 1, '2014-10-09 01:15:02'),
(525, 1, 0, '0000-00-00 00:00:00'),
(526, 4, 1, '2014-10-09 01:16:39'),
(527, 1, 1, '2014-10-09 01:16:53'),
(528, 2, 1, '2014-10-09 01:16:59'),
(529, 3, 1, '2014-10-09 01:17:05'),
(530, 3, 0, '2014-10-09 01:17:44'),
(531, 2, 0, '2014-10-09 01:17:45'),
(532, 1, 0, '2014-10-09 01:17:46'),
(533, 4, 0, '2014-10-09 01:17:47'),
(534, 1, 1, '2014-10-09 01:21:02'),
(535, 1, 0, '2014-10-09 01:21:32'),
(536, 1, 1, '2014-10-09 01:21:59'),
(537, 1, 0, '2014-10-09 01:22:02'),
(538, 1, 1, '2014-11-13 20:33:34'),
(539, 1, 0, '2014-11-13 20:33:48'),
(540, 1, 1, '2014-11-20 20:26:46'),
(541, 1, 0, '0000-00-00 00:00:00'),
(542, 1, 1, '2014-11-20 20:28:50'),
(543, 1, 0, '0000-00-00 00:00:00'),
(544, 1, 1, '2014-11-20 20:30:37'),
(545, 1, 0, '0000-00-00 00:00:00'),
(546, 1, 1, '2014-11-20 20:36:11'),
(547, 1, 0, '0000-00-00 00:00:00'),
(548, 1, 1, '2014-11-20 20:38:38'),
(549, 1, 0, '0000-00-00 00:00:00'),
(550, 1, 1, '2014-11-20 20:44:27'),
(551, 1, 0, '0000-00-00 00:00:00'),
(552, 1, 1, '2014-11-20 20:46:05'),
(553, 2, 1, '2014-11-20 20:46:16'),
(554, 1, 0, '0000-00-00 00:00:00'),
(555, 2, 0, '0000-00-00 00:00:00'),
(556, 1, 1, '2014-11-22 12:02:03'),
(557, 1, 0, '0000-00-00 00:00:00'),
(558, 1, 1, '2014-11-22 17:08:46'),
(559, 2, 1, '2014-11-22 17:15:46'),
(560, 1, 0, '0000-00-00 00:00:00'),
(561, 1, 1, '2014-11-22 17:19:34'),
(562, 1, 0, '0000-00-00 00:00:00'),
(563, 2, 0, '0000-00-00 00:00:00'),
(564, 1, 1, '2014-11-22 19:09:01'),
(565, 2, 1, '2014-11-22 19:10:52'),
(566, 3, 1, '2014-11-22 19:12:01'),
(567, 4, 1, '2014-11-22 19:13:22'),
(568, 1, 0, '0000-00-00 00:00:00'),
(569, 2, 0, '0000-00-00 00:00:00'),
(570, 3, 0, '0000-00-00 00:00:00'),
(571, 4, 0, '0000-00-00 00:00:00'),
(572, 1, 1, '2014-11-22 23:55:17'),
(573, 2, 1, '2014-11-22 23:55:40'),
(574, 3, 1, '2014-11-22 23:58:03'),
(575, 3, 0, '2014-11-22 23:58:05'),
(576, 4, 1, '2014-11-22 23:58:14'),
(577, 4, 0, '2014-11-23 00:00:00'),
(578, 1, 0, '0000-00-00 00:00:00'),
(579, 2, 0, '0000-00-00 00:00:00'),
(580, 1, 1, '2014-11-23 02:07:04'),
(581, 1, 0, '2014-11-23 02:07:06'),
(582, 1, 1, '2014-11-23 02:09:56'),
(583, 1, 0, '2014-11-23 02:10:05'),
(584, 1, 1, '2014-11-23 02:10:20'),
(585, 1, 0, '2014-11-23 02:10:50'),
(586, 1, 1, '2014-11-23 02:19:31'),
(587, 1, 0, '2014-11-23 02:24:39'),
(588, 1, 1, '2014-11-23 02:27:57'),
(589, 1, 0, '2014-11-23 02:28:21'),
(590, 1, 1, '2014-11-23 02:28:37'),
(591, 1, 0, '2014-11-23 02:47:29'),
(592, 1, 1, '2014-11-23 02:48:55'),
(593, 1, 0, '2014-11-23 02:50:07'),
(594, 1, 1, '2014-11-23 02:57:35'),
(595, 1, 0, '2014-11-23 03:06:00'),
(596, 1, 1, '2014-11-23 03:07:41'),
(597, 2, 1, '2014-11-23 03:13:29'),
(598, 2, 0, '2014-11-23 03:15:16'),
(599, 1, 0, '0000-00-00 00:00:00'),
(600, 1, 1, '2014-11-23 11:58:23'),
(601, 1, 0, '2014-11-23 11:58:26'),
(602, 1, 1, '2014-11-23 12:13:10'),
(603, 1, 0, '2014-11-23 12:14:58'),
(604, 1, 1, '2014-11-23 12:17:44'),
(605, 1, 0, '2014-11-23 12:18:03'),
(606, 1, 1, '2014-11-23 12:47:30'),
(607, 1, 0, '2014-11-23 12:47:46'),
(608, 1, 1, '2014-11-23 12:57:41'),
(609, 1, 0, '2014-11-23 12:58:06'),
(610, 1, 1, '2014-11-23 12:58:11'),
(611, 1, 0, '2014-11-23 12:58:14'),
(612, 4, 1, '2014-11-23 12:58:22'),
(613, 4, 0, '2014-11-23 13:00:09'),
(614, 4, 1, '2014-11-23 13:02:48'),
(615, 4, 0, '2014-11-23 13:02:53'),
(616, 1, 1, '2014-11-23 13:10:45'),
(617, 3, 1, '2014-11-23 13:11:07'),
(618, 3, 0, '2014-11-23 13:11:16'),
(619, 2, 1, '2014-11-23 13:13:47'),
(620, 2, 0, '2014-11-23 13:13:51'),
(621, 2, 1, '2014-11-23 13:14:47'),
(622, 2, 0, '2014-11-23 13:14:50'),
(623, 2, 1, '2014-11-23 13:15:19'),
(624, 3, 1, '2014-11-23 13:15:31'),
(625, 4, 1, '2014-11-23 13:15:44'),
(626, 2, 0, '2014-11-23 13:16:02'),
(627, 3, 0, '2014-11-23 13:16:31'),
(628, 4, 0, '2014-11-23 13:16:43'),
(629, 2, 1, '2014-11-23 13:16:58'),
(630, 2, 0, '2014-11-23 13:17:50'),
(631, 1, 0, '0000-00-00 00:00:00'),
(632, 1, 1, '2014-11-23 13:25:58'),
(633, 1, 0, '2014-11-23 13:26:20'),
(634, 1, 1, '2014-11-23 13:28:26'),
(635, 2, 1, '2014-11-23 13:28:43'),
(636, 2, 0, '2014-11-23 13:29:03'),
(637, 1, 0, '2014-11-23 13:29:11'),
(638, 1, 1, '2014-11-23 17:03:39'),
(639, 1, 0, '2014-11-23 17:09:48'),
(640, 1, 1, '2014-11-23 17:11:11'),
(641, 1, 0, '2014-11-23 17:29:31'),
(642, 1, 1, '2014-11-23 20:51:06'),
(643, 1, 0, '2014-11-23 20:51:50'),
(644, 1, 1, '2014-11-23 20:54:05'),
(645, 1, 0, '2014-11-23 21:01:32'),
(646, 1, 1, '2014-11-23 21:01:40'),
(647, 1, 0, '2014-11-23 21:03:30'),
(648, 1, 1, '2014-11-23 21:06:34'),
(649, 1, 0, '2014-11-23 21:06:59'),
(650, 1, 1, '2014-11-23 21:10:05'),
(651, 1, 0, '2014-11-23 21:11:25'),
(652, 1, 1, '2014-11-23 21:12:02'),
(653, 1, 0, '2014-11-23 21:14:36'),
(654, 1, 1, '2014-11-23 21:14:43'),
(655, 1, 0, '2014-11-23 21:23:07'),
(656, 1, 1, '2014-11-23 21:24:00'),
(657, 1, 0, '2014-11-23 21:31:45'),
(658, 1, 1, '2014-11-23 21:41:38'),
(659, 1, 0, '2014-11-23 21:42:00'),
(660, 1, 1, '2014-11-23 21:42:20'),
(661, 1, 0, '2014-11-23 21:42:27'),
(662, 1, 1, '2014-11-23 21:45:54'),
(663, 1, 0, '2014-11-23 21:45:59'),
(664, 1, 1, '2014-11-23 21:46:08'),
(665, 1, 0, '2014-11-23 21:46:13'),
(666, 1, 1, '2014-11-23 21:59:53'),
(667, 1, 0, '2014-11-23 22:01:23'),
(668, 1, 1, '2014-11-23 22:01:28'),
(669, 1, 0, '2014-11-23 22:01:42'),
(670, 2, 1, '2014-11-23 22:01:47'),
(671, 2, 0, '2014-11-23 22:01:55'),
(672, 1, 1, '2014-11-23 22:02:14'),
(673, 1, 0, '2014-11-23 22:02:21'),
(674, 2, 1, '2014-11-23 22:02:28'),
(675, 2, 0, '2014-11-23 22:10:30'),
(676, 1, 1, '2014-11-23 22:53:20'),
(677, 2, 1, '2014-11-23 22:54:25'),
(678, 3, 1, '2014-11-23 22:58:26'),
(679, 2, 0, '2014-11-23 23:01:23'),
(680, 1, 0, '2014-11-23 23:01:25'),
(681, 1, 1, '2014-11-23 23:01:33'),
(682, 1, 0, '0000-00-00 00:00:00'),
(683, 3, 0, '0000-00-00 00:00:00'),
(684, 1, 1, '2014-11-23 23:32:27'),
(685, 1, 0, '2014-11-23 23:32:48'),
(686, 1, 1, '2014-11-23 23:32:54'),
(687, 2, 1, '2014-11-23 23:40:43'),
(688, 1, 0, '0000-00-00 00:00:00'),
(689, 2, 0, '0000-00-00 00:00:00'),
(690, 1, 1, '2014-11-24 00:13:25'),
(691, 1, 0, '2014-11-24 00:13:33'),
(692, 1, 1, '2014-11-24 00:13:48'),
(693, 1, 0, '2014-11-24 00:14:30'),
(694, 1, 1, '2014-11-24 00:15:13'),
(695, 1, 0, '2014-11-24 00:15:23'),
(696, 1, 1, '2014-11-24 00:16:31'),
(697, 1, 0, '2014-11-24 00:16:35'),
(698, 1, 1, '2014-11-24 00:16:44'),
(699, 1, 0, '2014-11-24 00:16:53'),
(700, 1, 1, '2014-11-24 00:17:01'),
(701, 1, 0, '2014-11-24 00:17:11'),
(702, 1, 1, '2014-11-24 00:21:02'),
(703, 1, 0, '2014-11-24 00:21:16'),
(704, 1, 1, '2014-11-24 00:25:53'),
(705, 1, 0, '2014-11-24 00:27:41'),
(706, 1, 1, '2014-11-24 00:27:48'),
(707, 1, 0, '2014-11-24 00:28:45'),
(708, 1, 1, '2014-11-24 00:34:01'),
(709, 1, 0, '2014-11-24 00:37:11'),
(710, 1, 1, '2014-11-24 00:37:18'),
(711, 1, 0, '2014-11-24 00:37:24'),
(712, 1, 1, '2014-11-24 00:38:10'),
(713, 1, 0, '2014-11-24 00:39:26'),
(714, 1, 1, '2014-11-24 01:00:48'),
(715, 2, 1, '2014-11-24 01:01:29'),
(716, 3, 1, '2014-11-24 01:02:29'),
(717, 1, 0, '2014-11-24 01:02:39'),
(718, 2, 0, '2014-11-24 01:02:40'),
(719, 1, 1, '2014-11-24 01:03:43'),
(720, 2, 1, '2014-11-24 01:04:09'),
(721, 4, 1, '2014-11-24 01:05:36'),
(722, 5, 1, '2014-11-24 01:06:17'),
(723, 5, 0, '2014-11-24 01:06:28'),
(724, 4, 0, '2014-11-24 01:06:31'),
(725, 2, 0, '2014-11-24 01:06:32'),
(726, 1, 0, '2014-11-24 01:06:33'),
(727, 3, 0, '2014-11-24 01:06:35'),
(728, 1, 1, '2014-11-24 01:07:57'),
(729, 2, 1, '2014-11-24 01:08:21'),
(730, 3, 1, '2014-11-24 01:08:34'),
(731, 3, 0, '2014-11-24 01:08:45'),
(732, 2, 0, '2014-11-24 01:08:46'),
(733, 1, 0, '2014-11-24 01:08:47'),
(734, 1, 1, '2014-11-24 01:10:19'),
(735, 2, 1, '2014-11-24 01:10:45'),
(736, 2, 0, '2014-11-24 01:11:12'),
(737, 1, 0, '2014-11-24 01:11:13'),
(738, 1, 1, '2014-11-24 01:13:44'),
(739, 1, 0, '2014-11-24 01:14:14'),
(740, 1, 1, '2014-11-24 01:15:01'),
(741, 1, 0, '2014-11-24 01:15:05'),
(742, 1, 1, '2014-11-24 01:15:17'),
(743, 1, 0, '2014-11-24 01:15:24'),
(744, 1, 1, '2014-11-24 01:15:32'),
(745, 2, 1, '2014-11-24 01:15:43'),
(746, 2, 0, '2014-11-24 01:16:40'),
(747, 1, 0, '0000-00-00 00:00:00'),
(748, 1, 1, '2014-11-24 22:53:16'),
(749, 1, 0, '2014-11-24 23:01:38'),
(750, 1, 1, '2014-11-24 23:14:33'),
(751, 1, 0, '2014-11-24 23:14:43'),
(752, 1, 1, '2014-11-24 23:15:13'),
(753, 2, 1, '2014-11-24 23:15:32'),
(754, 1, 0, '2014-11-24 23:15:59'),
(755, 2, 0, '2014-11-24 23:16:04'),
(756, 1, 1, '2014-11-24 23:16:50'),
(757, 1, 0, '2014-11-24 23:17:41'),
(758, 1, 1, '2014-11-25 00:45:34'),
(759, 2, 1, '2014-11-25 00:45:36'),
(760, 3, 1, '2014-11-25 00:45:39'),
(761, 3, 0, '2014-11-25 00:46:28'),
(762, 3, 1, '2014-11-25 00:47:23'),
(763, 3, 0, '2014-11-25 00:47:36'),
(764, 1, 0, '0000-00-00 00:00:00'),
(765, 2, 0, '0000-00-00 00:00:00'),
(766, 1, 1, '2014-11-25 01:12:56'),
(767, 1, 0, '2014-11-25 01:12:57'),
(768, 1, 1, '2014-11-25 01:13:38'),
(769, 1, 0, '2014-11-25 01:13:44'),
(770, 1, 1, '2014-11-25 01:14:00'),
(771, 1, 0, '2014-11-25 01:14:17'),
(772, 1, 1, '2014-11-25 01:15:48'),
(773, 1, 0, '2014-11-25 01:15:51'),
(774, 1, 1, '2014-11-25 01:15:57'),
(775, 1, 0, '2014-11-25 01:16:13'),
(776, 1, 1, '2014-11-25 01:22:47'),
(777, 2, 1, '2014-11-25 01:24:29'),
(778, 2, 0, '2014-11-25 01:24:36'),
(779, 1, 0, '2014-11-25 01:25:23'),
(780, 1, 1, '2014-11-25 01:26:46'),
(781, 2, 1, '2014-11-25 01:28:18'),
(782, 2, 0, '2014-11-25 01:29:04'),
(783, 1, 0, '2014-11-25 01:29:05'),
(784, 1, 1, '2014-11-25 01:29:11'),
(785, 1, 0, '2014-11-25 01:31:45'),
(786, 1, 1, '2014-11-25 01:31:58'),
(787, 1, 0, '2014-11-25 01:32:00'),
(788, 1, 1, '2014-11-25 01:32:12'),
(789, 2, 1, '2014-11-25 01:40:17'),
(790, 2, 0, '2014-11-25 01:41:23'),
(791, 1, 0, '2014-11-25 01:41:26'),
(792, 1, 1, '2014-11-25 01:41:29'),
(793, 1, 0, '2014-11-25 01:43:02'),
(794, 1, 1, '2014-11-25 01:43:06'),
(795, 1, 0, '2014-11-25 01:44:11'),
(796, 1, 1, '2014-11-25 01:44:18'),
(797, 1, 0, '2014-11-25 01:44:21'),
(798, 1, 1, '2014-11-25 01:45:31'),
(799, 1, 0, '2014-11-25 01:45:44'),
(800, 1, 1, '2014-11-25 01:46:27'),
(801, 1, 0, '2014-11-25 01:46:34'),
(802, 1, 1, '2014-11-25 01:48:04'),
(803, 1, 0, '2014-11-25 01:48:10'),
(804, 1, 1, '2014-11-25 01:49:58'),
(805, 1, 0, '2014-11-25 01:50:21'),
(806, 1, 1, '2014-11-25 01:50:27'),
(807, 1, 0, '2014-11-25 01:52:22'),
(808, 1, 1, '2014-11-25 01:52:28'),
(809, 1, 0, '2014-11-25 01:53:34'),
(810, 1, 1, '2014-11-25 01:53:42'),
(811, 1, 0, '2014-11-25 01:55:04'),
(812, 1, 1, '2014-11-25 01:55:10'),
(813, 1, 0, '2014-11-25 01:59:15'),
(814, 1, 1, '2014-11-25 01:59:20'),
(815, 1, 0, '2014-11-25 01:59:38'),
(816, 1, 1, '2014-11-25 01:59:46'),
(817, 1, 0, '2014-11-25 01:59:49'),
(818, 1, 1, '2014-11-25 02:12:21'),
(819, 1, 0, '2014-11-25 02:12:59'),
(820, 1, 1, '2014-11-25 02:13:14'),
(821, 1, 0, '2014-11-25 02:14:48'),
(822, 1, 1, '2014-11-25 02:14:52'),
(823, 1, 0, '2014-11-25 02:14:54'),
(824, 1, 1, '2014-11-25 02:14:59'),
(825, 1, 0, '2014-11-25 02:15:22'),
(826, 1, 1, '2014-11-25 02:16:04'),
(827, 1, 0, '2014-11-25 02:16:55'),
(828, 1, 1, '2014-11-25 02:17:14'),
(829, 1, 0, '2014-11-25 02:17:28'),
(830, 1, 1, '2014-11-25 02:18:00'),
(831, 1, 0, '0000-00-00 00:00:00'),
(832, 1, 1, '2014-11-25 21:17:54'),
(833, 2, 1, '2014-11-25 21:18:52'),
(834, 2, 0, '2014-11-25 21:21:57'),
(835, 1, 0, '2014-11-25 21:21:58'),
(836, 1, 1, '2014-11-25 21:22:06'),
(837, 1, 0, '2014-11-25 21:22:08'),
(838, 1, 1, '2014-11-25 21:22:33'),
(839, 2, 1, '2014-11-25 21:28:51'),
(840, 2, 0, '2014-11-25 21:30:20'),
(841, 1, 0, '2014-11-25 21:30:22'),
(842, 1, 1, '2014-11-25 21:30:27'),
(843, 1, 0, '2014-11-25 21:30:28'),
(844, 1, 1, '2014-11-25 21:30:35'),
(845, 2, 1, '2014-11-25 21:34:01'),
(846, 2, 0, '2014-11-25 21:38:19'),
(847, 1, 0, '2014-11-25 21:38:20'),
(848, 1, 1, '2014-11-25 21:38:28'),
(849, 1, 0, '2014-11-25 21:38:51'),
(850, 1, 1, '2014-11-25 21:38:58'),
(851, 1, 0, '0000-00-00 00:00:00'),
(852, 1, 1, '2014-11-25 22:04:01'),
(853, 1, 0, '2014-11-25 22:04:18'),
(854, 1, 0, '2014-11-25 22:05:01'),
(855, 1, 1, '2014-11-25 22:05:11'),
(856, 2, 1, '2014-11-25 22:13:09'),
(857, 2, 0, '2014-11-25 22:13:15'),
(858, 1, 0, '0000-00-00 00:00:00'),
(859, 1, 1, '2014-11-25 22:18:20'),
(860, 1, 0, '2014-11-25 22:20:31'),
(861, 1, 1, '2014-11-25 22:20:37'),
(862, 2, 1, '2014-11-25 22:25:14'),
(863, 2, 0, '2014-11-25 22:25:16'),
(864, 2, 1, '2014-11-25 22:25:48'),
(865, 2, 0, '2014-11-25 22:26:00'),
(866, 2, 1, '2014-11-25 22:27:18'),
(867, 2, 0, '2014-11-25 22:27:53'),
(868, 1, 0, '2014-11-25 22:27:56'),
(869, 1, 1, '2014-11-25 22:28:02'),
(870, 1, 0, '2014-11-25 22:28:23'),
(871, 1, 1, '2014-11-25 22:47:14'),
(872, 1, 0, '2014-11-25 22:47:17'),
(873, 1, 1, '2014-11-25 23:36:36'),
(874, 1, 0, '2014-11-25 23:36:38'),
(875, 1, 1, '2014-11-25 23:36:43'),
(876, 1, 0, '2014-11-25 23:38:27'),
(877, 1, 1, '2014-11-26 00:06:05'),
(878, 1, 0, '2014-11-26 00:07:37'),
(879, 1, 1, '2014-11-26 00:08:08'),
(880, 1, 0, '2014-11-26 00:09:30'),
(881, 1, 1, '2014-11-26 01:11:35'),
(882, 1, 0, '2014-11-26 01:12:19'),
(883, 1, 1, '2014-11-26 01:14:31'),
(884, 1, 0, '2014-11-26 01:14:52'),
(885, 1, 1, '2014-11-26 01:15:01'),
(886, 1, 0, '2014-11-26 01:15:11'),
(887, 1, 1, '2014-11-26 01:16:07'),
(888, 1, 0, '2014-11-26 01:16:18'),
(889, 1, 1, '2014-11-26 01:16:36'),
(890, 1, 0, '2014-11-26 01:16:44'),
(891, 1, 1, '2014-11-26 01:17:05'),
(892, 1, 0, '2014-11-26 01:17:15'),
(893, 1, 1, '2014-11-26 01:19:39'),
(894, 1, 0, '2014-11-26 01:19:53'),
(895, 1, 1, '2014-11-26 01:20:53'),
(896, 1, 0, '2014-11-26 01:21:16'),
(897, 1, 1, '2014-11-26 11:39:19'),
(898, 1, 0, '2014-11-26 11:40:34'),
(899, 1, 1, '2014-11-26 11:42:46'),
(900, 1, 0, '2014-11-26 11:43:07'),
(901, 1, 1, '2014-11-26 11:43:12'),
(902, 1, 0, '2014-11-26 11:43:56'),
(903, 1, 1, '2014-11-26 11:45:03'),
(904, 1, 0, '2014-11-26 11:51:43'),
(905, 1, 1, '2014-11-26 11:51:47'),
(906, 1, 0, '2014-11-26 11:55:05'),
(907, 1, 1, '2014-11-26 11:57:00'),
(908, 1, 0, '2014-11-26 11:57:29'),
(909, 1, 1, '2014-11-26 11:58:29'),
(910, 1, 0, '2014-11-26 12:32:05'),
(911, 1, 1, '2014-11-26 12:46:13'),
(912, 1, 0, '2014-11-26 12:47:04'),
(913, 1, 1, '2014-11-26 12:48:22'),
(914, 1, 0, '2014-11-26 12:53:51'),
(915, 1, 1, '2014-11-26 12:53:57'),
(916, 1, 0, '2014-11-26 12:55:43'),
(917, 1, 1, '2014-11-26 12:55:49'),
(918, 1, 0, '2014-11-26 12:57:13'),
(919, 1, 1, '2014-11-26 12:57:19'),
(920, 1, 0, '2014-11-26 12:57:38'),
(921, 1, 1, '2014-11-26 13:20:03'),
(922, 1, 0, '2014-11-26 13:26:41'),
(923, 1, 1, '2014-11-26 13:26:44'),
(924, 2, 1, '2014-11-26 13:36:26'),
(925, 2, 0, '2014-11-26 13:37:22'),
(926, 1, 0, '2014-11-26 13:37:53'),
(927, 1, 1, '2014-11-26 13:37:58'),
(928, 1, 0, '2014-11-26 13:38:18'),
(929, 1, 1, '2014-11-26 13:44:56'),
(930, 1, 0, '2014-11-26 13:45:09'),
(931, 1, 1, '2014-11-26 13:50:45'),
(932, 2, 1, '2014-11-26 13:52:28'),
(933, 2, 0, '2014-11-26 13:56:32'),
(934, 1, 0, '2014-11-26 13:56:33'),
(935, 1, 1, '2014-11-26 13:56:37'),
(936, 1, 0, '2014-11-26 13:57:10'),
(937, 1, 1, '2014-11-26 13:57:14'),
(938, 2, 1, '2014-11-26 13:58:47'),
(939, 2, 0, '2014-11-26 14:29:35'),
(940, 1, 0, '2014-11-26 14:36:26'),
(941, 1, 1, '2014-11-26 14:50:11'),
(942, 1, 0, '2014-11-26 14:52:00'),
(943, 1, 1, '2014-11-26 14:57:42'),
(944, 1, 0, '2014-11-26 14:57:51'),
(945, 1, 1, '2014-11-26 14:58:22'),
(946, 2, 1, '2014-11-26 15:02:49'),
(947, 1, 0, '0000-00-00 00:00:00'),
(948, 2, 0, '0000-00-00 00:00:00'),
(949, 1, 1, '2014-11-26 22:43:23'),
(950, 1, 0, '2014-11-26 22:48:36'),
(951, 1, 1, '2014-11-26 22:48:43'),
(952, 1, 0, '2014-11-26 22:49:36'),
(953, 1, 1, '2014-11-26 22:54:47'),
(954, 1, 0, '2014-11-26 22:55:07'),
(955, 1, 1, '2014-11-26 22:55:18'),
(956, 1, 0, '2014-11-26 22:59:19'),
(957, 1, 1, '2014-11-26 23:12:41'),
(958, 1, 0, '2014-11-26 23:12:45'),
(959, 1, 1, '2014-11-26 23:13:34'),
(960, 1, 0, '2014-11-26 23:13:39'),
(961, 1, 1, '2014-11-26 23:17:09'),
(962, 1, 0, '2014-11-26 23:17:17'),
(963, 1, 1, '2014-11-26 23:17:27'),
(964, 1, 0, '2014-11-26 23:17:34'),
(965, 1, 1, '2014-11-26 23:18:24'),
(966, 1, 0, '2014-11-26 23:18:42'),
(967, 1, 1, '2014-11-26 23:23:05'),
(968, 1, 0, '2014-11-26 23:23:16'),
(969, 1, 1, '2014-11-26 23:23:29'),
(970, 1, 0, '2014-11-26 23:23:47'),
(971, 1, 1, '2014-11-26 23:50:53'),
(972, 1, 0, '2014-11-26 23:52:34'),
(973, 1, 1, '2014-11-26 23:52:40'),
(974, 1, 0, '2014-11-26 23:54:01'),
(975, 1, 1, '2014-11-26 23:58:04'),
(976, 1, 0, '2014-11-26 23:58:40'),
(977, 1, 1, '2014-11-27 00:06:48'),
(978, 1, 0, '2014-11-27 00:12:49'),
(979, 1, 1, '2014-11-27 00:13:10'),
(980, 1, 0, '2014-11-27 00:13:55'),
(981, 1, 1, '2014-11-27 00:14:51'),
(982, 1, 0, '2014-11-27 00:15:43'),
(983, 1, 1, '2014-11-27 00:30:50'),
(984, 1, 0, '2014-11-27 00:31:25'),
(985, 1, 1, '2014-11-27 00:33:19'),
(986, 1, 0, '2014-11-27 00:34:11'),
(987, 1, 1, '2014-11-27 00:36:54'),
(988, 1, 0, '2014-11-27 00:51:22'),
(989, 1, 1, '2014-11-27 00:51:28'),
(990, 1, 0, '2014-11-27 00:51:50'),
(991, 1, 1, '2014-11-27 04:28:06'),
(992, 1, 0, '2014-11-27 04:33:10'),
(993, 1, 1, '2014-11-27 04:33:19'),
(994, 1, 0, '0000-00-00 00:00:00'),
(995, 1, 1, '2014-11-27 04:47:10'),
(996, 1, 0, '2014-11-27 04:50:21'),
(997, 1, 0, '2014-11-27 04:50:40'),
(998, 1, 1, '2014-11-27 11:58:13'),
(999, 1, 0, '2014-11-27 12:04:38'),
(1000, 1, 1, '2014-11-27 12:14:27'),
(1001, 1, 0, '2014-11-27 12:17:03'),
(1002, 1, 1, '2014-11-27 12:17:09'),
(1003, 1, 0, '2014-11-27 12:18:55'),
(1004, 1, 1, '2014-11-27 12:19:54'),
(1005, 1, 0, '2014-11-27 12:25:46'),
(1006, 1, 1, '2014-11-27 12:25:53'),
(1007, 1, 0, '2014-11-27 12:26:12'),
(1008, 1, 1, '2014-11-27 12:27:51'),
(1009, 1, 0, '2014-11-27 12:28:10'),
(1010, 1, 1, '2014-11-27 12:30:12'),
(1011, 1, 0, '0000-00-00 00:00:00'),
(1012, 1, 1, '2014-11-27 13:05:36'),
(1013, 1, 0, '0000-00-00 00:00:00'),
(1014, 1, 0, '2014-11-27 13:31:20'),
(1015, 1, 1, '2014-11-27 13:31:23'),
(1016, 2, 1, '2014-11-27 13:32:05'),
(1017, 2, 0, '2014-11-27 13:33:24'),
(1018, 1, 0, '2014-11-27 13:33:25'),
(1019, 1, 1, '2014-11-27 13:49:57'),
(1020, 1, 0, '2014-11-27 13:50:58'),
(1021, 1, 1, '2014-11-27 13:52:57'),
(1022, 1, 0, '2014-11-27 13:54:03'),
(1023, 1, 1, '2014-11-27 13:56:11'),
(1024, 1, 0, '0000-00-00 00:00:00'),
(1025, 1, 1, '2014-11-27 14:14:54'),
(1026, 2, 1, '2014-11-27 14:17:30'),
(1027, 2, 0, '2014-11-27 14:20:55'),
(1028, 1, 0, '2014-11-27 14:20:56'),
(1029, 1, 0, '2014-11-27 14:20:57'),
(1030, 1, 1, '2014-11-27 14:21:03'),
(1031, 1, 0, '2014-11-27 14:26:12'),
(1032, 1, 1, '2014-11-27 14:26:19'),
(1033, 1, 0, '2014-11-27 14:33:00'),
(1034, 1, 1, '2014-11-27 14:41:34'),
(1035, 1, 0, '2014-11-27 14:44:09'),
(1036, 1, 1, '2014-11-27 14:44:18'),
(1037, 1, 0, '2014-11-27 14:47:39'),
(1038, 1, 1, '2014-11-27 14:48:15'),
(1039, 1, 0, '2014-11-27 14:49:40'),
(1040, 1, 1, '2014-11-27 14:52:58'),
(1041, 2, 1, '2014-11-27 14:54:03'),
(1042, 2, 0, '2014-11-27 14:54:57'),
(1043, 1, 0, '2014-11-27 14:54:58'),
(1044, 1, 1, '2014-11-27 14:57:52'),
(1045, 2, 1, '2014-11-27 14:58:53'),
(1046, 1, 0, '0000-00-00 00:00:00'),
(1047, 1, 1, '2014-11-27 15:08:16'),
(1048, 2, 0, '0000-00-00 00:00:00'),
(1049, 2, 1, '2014-11-27 15:09:12'),
(1050, 3, 1, '2014-11-27 15:11:22'),
(1051, 2, 0, '2014-11-27 15:18:17'),
(1052, 1, 0, '2014-11-27 15:18:18'),
(1053, 2, 0, '2014-11-27 15:18:19'),
(1054, 3, 0, '2014-11-27 15:18:20'),
(1055, 1, 1, '2014-11-27 15:18:25'),
(1056, 1, 0, '2014-11-27 15:18:35'),
(1057, 1, 1, '2014-11-27 15:20:57'),
(1058, 1, 0, '2014-11-27 15:22:29'),
(1059, 1, 1, '2014-11-27 15:22:35'),
(1060, 1, 0, '2014-11-27 15:23:43'),
(1061, 1, 1, '2014-11-27 15:24:58'),
(1062, 1, 0, '2014-11-27 15:30:16'),
(1063, 1, 1, '2014-11-27 15:30:23'),
(1064, 1, 0, '2014-11-27 15:30:54'),
(1065, 1, 1, '2014-11-27 15:31:15'),
(1066, 1, 0, '0000-00-00 00:00:00'),
(1067, 1, 1, '2014-11-27 21:54:39'),
(1068, 1, 0, '2014-11-27 22:37:12'),
(1069, 1, 0, '2014-11-27 22:37:13'),
(1070, 1, 1, '2014-11-27 22:37:19'),
(1071, 1, 0, '2014-11-27 22:45:06'),
(1072, 1, 1, '2014-11-27 22:45:10'),
(1073, 2, 1, '2014-11-27 22:46:16'),
(1074, 2, 0, '2014-11-27 22:47:46'),
(1075, 1, 0, '2014-11-27 22:47:47'),
(1076, 1, 1, '2014-11-27 22:47:52'),
(1077, 2, 1, '2014-11-27 22:49:57'),
(1078, 2, 0, '2014-11-27 22:51:18'),
(1079, 1, 0, '2014-11-27 22:51:19'),
(1080, 1, 1, '2014-11-27 22:51:25'),
(1081, 1, 0, '0000-00-00 00:00:00'),
(1082, 1, 1, '2014-11-27 23:17:15'),
(1083, 1, 0, '2014-11-27 23:23:29'),
(1084, 1, 0, '2014-11-27 23:23:31'),
(1085, 1, 1, '2014-11-27 23:23:44'),
(1086, 1, 0, '2014-11-27 23:26:14'),
(1087, 1, 1, '2014-11-27 23:39:18'),
(1088, 1, 0, '0000-00-00 00:00:00'),
(1089, 1, 1, '2014-11-27 23:51:34'),
(1090, 1, 0, '2014-11-27 23:52:44'),
(1091, 1, 0, '2014-11-27 23:52:45'),
(1092, 1, 1, '2014-11-27 23:52:51'),
(1093, 1, 0, '2014-11-27 23:54:35'),
(1094, 1, 1, '2014-11-27 23:54:41'),
(1095, 1, 0, '2014-11-27 23:56:03'),
(1096, 1, 1, '2014-11-27 23:56:09'),
(1097, 1, 0, '2014-11-27 23:57:23'),
(1098, 1, 1, '2014-11-27 23:57:29'),
(1099, 1, 0, '0000-00-00 00:00:00'),
(1100, 1, 1, '2014-11-28 00:08:45'),
(1101, 2, 1, '2014-11-28 00:10:18'),
(1102, 2, 0, '2014-11-28 00:14:49'),
(1103, 1, 0, '2014-11-28 00:14:52'),
(1104, 1, 1, '2014-11-28 00:14:58'),
(1105, 1, 0, '2014-11-28 00:20:59'),
(1106, 1, 1, '2014-11-28 00:21:04'),
(1107, 1, 0, '2014-11-28 00:24:22'),
(1108, 1, 1, '2014-11-28 00:24:29'),
(1109, 2, 1, '2014-11-28 00:32:17'),
(1110, 1, 0, '0000-00-00 00:00:00'),
(1111, 2, 0, '2014-11-28 00:38:19'),
(1112, 1, 0, '2014-11-28 00:38:20'),
(1113, 1, 1, '2014-11-28 00:38:24'),
(1114, 1, 0, '2014-11-28 00:42:21'),
(1115, 1, 1, '2014-11-28 00:47:14'),
(1116, 2, 1, '2014-11-28 00:52:17'),
(1117, 1, 0, '0000-00-00 00:00:00'),
(1118, 1, 1, '2014-11-28 01:01:07'),
(1119, 2, 0, '2014-11-28 01:01:08'),
(1120, 1, 0, '2014-11-28 01:01:09'),
(1121, 1, 0, '2014-11-28 01:04:46'),
(1122, 1, 1, '2014-11-28 01:04:55'),
(1123, 1, 0, '2014-11-28 01:05:57'),
(1124, 1, 1, '2014-11-28 01:18:44'),
(1125, 1, 0, '2014-11-28 01:22:29'),
(1126, 1, 1, '2014-11-28 01:26:25'),
(1127, 1, 0, '2014-11-28 01:27:32'),
(1128, 1, 1, '2014-11-28 01:27:56'),
(1129, 2, 1, '2014-11-28 01:31:09'),
(1130, 1, 0, '2014-11-28 01:32:49'),
(1131, 2, 0, '2014-11-28 01:32:56'),
(1132, 1, 1, '2014-11-28 01:39:16'),
(1133, 1, 0, '2014-11-28 01:51:30'),
(1134, 1, 1, '2014-11-28 01:51:34'),
(1135, 1, 0, '2014-11-28 01:52:34'),
(1136, 1, 1, '2014-11-28 02:04:51'),
(1137, 1, 0, '2014-11-28 02:07:06'),
(1138, 1, 1, '2014-11-28 02:07:36'),
(1139, 1, 0, '2014-11-28 02:14:09'),
(1140, 1, 1, '2014-11-29 15:47:09'),
(1141, 1, 0, '2014-11-29 15:47:23'),
(1142, 1, 1, '2014-11-29 15:47:33'),
(1143, 1, 0, '2014-11-29 16:02:56'),
(1144, 1, 1, '2014-11-29 16:03:03'),
(1145, 1, 0, '2014-11-29 16:03:13'),
(1146, 1, 1, '2014-11-29 16:03:30'),
(1147, 1, 0, '2014-11-29 16:03:41'),
(1148, 1, 1, '2014-11-29 16:04:47'),
(1149, 1, 0, '2014-11-29 16:04:54'),
(1150, 1, 1, '2014-11-29 16:05:10'),
(1151, 1, 0, '2014-11-29 16:05:50'),
(1152, 1, 1, '2014-11-29 16:06:20'),
(1153, 1, 0, '2014-11-29 16:06:55'),
(1154, 1, 1, '2014-11-29 16:06:59'),
(1155, 1, 0, '0000-00-00 00:00:00'),
(1156, 1, 1, '2014-11-29 16:39:35'),
(1157, 1, 0, '2014-11-29 16:41:06'),
(1158, 1, 0, '2014-11-29 16:41:07'),
(1159, 1, 1, '2014-11-29 16:41:14'),
(1160, 1, 0, '2014-11-29 16:43:06'),
(1161, 1, 1, '2014-11-29 16:45:15'),
(1162, 1, 0, '2014-11-29 16:46:57'),
(1163, 1, 1, '2014-11-29 16:47:12'),
(1164, 1, 0, '2014-11-29 16:59:06'),
(1165, 1, 1, '2014-11-29 17:00:27'),
(1166, 1, 0, '2014-11-29 17:00:32'),
(1167, 1, 1, '2014-11-29 18:19:30'),
(1168, 1, 0, '2014-11-29 18:20:21'),
(1169, 1, 1, '2014-11-29 18:20:41'),
(1170, 1, 0, '2014-11-29 18:21:50'),
(1171, 1, 1, '2014-11-29 18:24:38'),
(1172, 2, 1, '2014-11-29 18:25:44'),
(1173, 2, 0, '2014-11-29 18:25:46'),
(1174, 2, 1, '2014-11-29 18:25:52'),
(1175, 2, 0, '2014-11-29 18:26:26'),
(1176, 1, 0, '2014-11-29 18:26:27'),
(1177, 1, 1, '2014-11-29 18:27:53'),
(1178, 1, 0, '2014-11-29 18:31:34'),
(1179, 1, 1, '2014-11-29 18:31:40'),
(1180, 1, 0, '2014-11-29 18:32:32'),
(1181, 1, 1, '2014-11-29 18:36:49'),
(1182, 1, 0, '2014-11-29 18:38:15'),
(1183, 1, 1, '2014-11-29 18:38:22'),
(1184, 1, 0, '2014-11-29 18:38:24'),
(1185, 1, 1, '2014-11-29 18:38:29'),
(1186, 1, 0, '2014-11-29 18:40:14'),
(1187, 1, 1, '2014-11-29 18:40:19'),
(1188, 1, 0, '2014-11-29 18:41:25'),
(1189, 1, 1, '2014-11-29 18:41:33'),
(1190, 1, 0, '2014-11-29 18:42:17'),
(1191, 1, 1, '2014-11-29 18:42:43'),
(1192, 1, 0, '2014-11-29 18:44:00'),
(1193, 1, 1, '2014-11-29 18:44:09'),
(1194, 1, 0, '2014-11-29 18:46:10'),
(1195, 1, 1, '2014-11-29 18:47:31'),
(1196, 1, 0, '2014-11-29 18:53:14'),
(1197, 1, 1, '2014-11-29 18:53:32'),
(1198, 1, 0, '0000-00-00 00:00:00'),
(1199, 1, 1, '2014-11-29 19:06:24'),
(1200, 1, 0, '2014-11-29 19:09:45'),
(1201, 1, 1, '2014-11-29 19:09:56'),
(1202, 2, 1, '2014-11-29 19:12:10'),
(1203, 3, 1, '2014-11-29 19:13:41'),
(1204, 3, 0, '2014-11-29 19:13:44'),
(1205, 3, 1, '2014-11-29 19:13:49'),
(1206, 4, 1, '2014-11-29 19:14:55'),
(1207, 4, 0, '2014-11-29 19:15:44'),
(1208, 4, 1, '2014-11-29 19:17:40'),
(1209, 4, 0, '2014-11-29 19:20:21'),
(1210, 1, 0, '0000-00-00 00:00:00'),
(1211, 1, 1, '2014-11-29 19:22:46'),
(1212, 2, 0, '0000-00-00 00:00:00'),
(1213, 3, 0, '0000-00-00 00:00:00'),
(1214, 2, 1, '2014-11-29 19:35:45'),
(1215, 2, 0, '2014-11-29 19:37:01'),
(1216, 1, 0, '2014-11-29 19:37:02'),
(1217, 1, 1, '2014-11-29 19:39:28'),
(1218, 1, 0, '2014-11-29 19:41:50'),
(1219, 1, 1, '2014-11-29 19:41:55'),
(1220, 1, 0, '2014-11-29 19:43:13'),
(1221, 1, 1, '2014-11-29 19:43:18'),
(1222, 1, 0, '2014-11-29 19:46:19'),
(1223, 1, 1, '2014-11-29 19:46:27'),
(1224, 2, 1, '2014-11-29 19:47:13'),
(1225, 2, 0, '2014-11-29 19:47:25'),
(1226, 2, 1, '2014-11-29 19:48:02'),
(1227, 2, 0, '2014-11-29 19:48:49'),
(1228, 2, 1, '2014-11-29 19:48:54'),
(1229, 2, 0, '2014-11-29 19:49:27'),
(1230, 2, 1, '2014-11-29 19:51:06'),
(1231, 2, 0, '2014-11-29 19:54:07'),
(1232, 2, 1, '2014-11-29 19:54:12'),
(1233, 2, 0, '2014-11-29 19:54:20'),
(1234, 2, 1, '2014-11-29 19:55:08'),
(1235, 2, 0, '2014-11-29 19:55:17'),
(1236, 2, 1, '2014-11-29 19:56:15'),
(1237, 2, 0, '2014-11-29 19:56:23'),
(1238, 1, 0, '0000-00-00 00:00:00'),
(1239, 1, 1, '2014-11-29 20:02:15'),
(1240, 1, 0, '2014-11-29 20:05:42'),
(1241, 1, 1, '2014-11-29 20:05:44'),
(1242, 1, 0, '2014-11-29 20:05:59'),
(1243, 1, 1, '2014-11-29 20:06:15'),
(1244, 1, 0, '2014-11-29 20:08:09'),
(1245, 1, 1, '2014-11-29 20:08:14'),
(1246, 1, 0, '2014-11-29 20:09:47'),
(1247, 1, 1, '2014-11-29 20:10:58'),
(1248, 1, 0, '2014-11-29 20:12:13'),
(1249, 1, 1, '2014-11-29 20:12:39'),
(1250, 1, 0, '2014-11-29 20:13:03'),
(1251, 1, 1, '2014-11-29 20:13:54'),
(1252, 1, 0, '2014-11-29 20:14:08'),
(1253, 1, 1, '2014-11-29 20:15:00'),
(1254, 1, 0, '2014-11-29 20:15:38'),
(1255, 1, 1, '2014-11-29 20:30:00'),
(1256, 1, 0, '2014-11-29 20:30:34'),
(1257, 1, 1, '2014-11-29 20:32:58'),
(1258, 1, 0, '2014-11-29 20:33:00'),
(1259, 1, 1, '2014-11-29 20:33:04'),
(1260, 2, 1, '2014-11-29 20:34:46'),
(1261, 2, 0, '2014-11-29 20:35:03'),
(1262, 1, 0, '2014-11-29 20:35:16'),
(1263, 1, 1, '2014-11-29 20:35:20'),
(1264, 1, 0, '2014-11-29 20:35:40'),
(1265, 1, 1, '2014-11-29 20:35:51'),
(1266, 1, 0, '2014-11-29 20:36:14'),
(1267, 1, 1, '2014-11-29 20:37:33'),
(1268, 1, 0, '2014-11-29 20:38:55'),
(1269, 1, 1, '2014-11-29 20:39:12'),
(1270, 2, 1, '2014-11-29 20:44:12'),
(1271, 2, 0, '2014-11-29 20:44:34'),
(1272, 1, 0, '2014-11-29 20:46:48'),
(1273, 1, 1, '2014-11-29 20:46:57'),
(1274, 1, 0, '2014-11-29 20:47:13'),
(1275, 1, 1, '2014-11-29 20:57:13'),
(1276, 1, 0, '2014-11-29 20:58:45'),
(1277, 1, 1, '2014-11-29 21:03:00'),
(1278, 1, 0, '2014-11-29 21:03:14'),
(1279, 1, 1, '2014-11-29 21:03:53'),
(1280, 1, 0, '2014-11-29 21:04:32'),
(1281, 1, 1, '2014-11-29 21:06:05'),
(1282, 1, 0, '2014-11-29 21:06:15'),
(1283, 1, 1, '2014-11-29 21:06:31'),
(1284, 1, 0, '2014-11-29 21:06:40'),
(1285, 1, 1, '2014-11-29 21:06:49'),
(1286, 1, 0, '2014-11-29 21:07:33'),
(1287, 1, 1, '2014-11-29 21:12:22'),
(1288, 2, 1, '2014-11-29 21:14:32'),
(1289, 2, 0, '2014-11-29 21:15:11'),
(1290, 2, 1, '2014-11-29 21:15:25'),
(1291, 1, 0, '2014-11-29 21:15:29'),
(1292, 2, 0, '2014-11-29 21:15:52'),
(1293, 1, 1, '2014-11-29 21:15:58'),
(1294, 1, 0, '2014-11-29 21:17:07'),
(1295, 1, 1, '2014-11-29 21:18:07'),
(1296, 1, 0, '2014-11-29 21:18:17'),
(1297, 1, 1, '2014-11-29 21:41:09'),
(1298, 1, 0, '2014-11-29 21:41:14'),
(1299, 1, 1, '2014-11-29 21:41:30'),
(1300, 1, 0, '2014-11-29 21:46:49'),
(1301, 1, 1, '2014-11-29 21:46:55'),
(1302, 1, 0, '2014-11-29 21:46:57'),
(1303, 1, 1, '2014-11-29 21:47:02'),
(1304, 1, 0, '2014-11-29 21:47:22'),
(1305, 1, 1, '2014-11-29 21:51:02'),
(1306, 1, 0, '2014-11-29 21:59:29'),
(1307, 1, 1, '2014-11-29 21:59:35'),
(1308, 1, 0, '2014-11-29 21:59:48'),
(1309, 1, 1, '2014-11-29 22:05:35'),
(1310, 1, 0, '2014-11-29 22:09:51'),
(1311, 1, 1, '2014-11-29 22:09:58'),
(1312, 1, 0, '2014-11-29 22:10:13'),
(1313, 1, 1, '2014-11-29 22:11:05'),
(1314, 1, 0, '2014-11-29 22:11:12'),
(1315, 1, 1, '2014-11-29 22:11:33'),
(1316, 1, 0, '2014-11-29 22:11:40'),
(1317, 1, 1, '2014-11-29 22:12:12'),
(1318, 1, 0, '2014-11-29 22:12:32'),
(1319, 1, 1, '2014-11-29 22:16:07'),
(1320, 1, 0, '2014-11-29 22:16:27'),
(1321, 1, 1, '2014-11-29 22:29:34'),
(1322, 2, 1, '2014-11-29 22:33:52'),
(1323, 1, 0, '0000-00-00 00:00:00'),
(1324, 2, 0, '0000-00-00 00:00:00'),
(1325, 1, 0, '2014-11-29 22:46:57'),
(1326, 1, 1, '2014-11-29 22:47:01'),
(1327, 1, 0, '2014-11-29 22:47:57'),
(1328, 2, 0, '2014-11-29 22:50:02'),
(1329, 1, 1, '2014-11-29 22:50:07'),
(1330, 1, 0, '2014-11-29 22:50:52'),
(1331, 1, 1, '2014-11-29 22:52:24'),
(1332, 1, 0, '2014-11-29 22:53:00'),
(1333, 1, 1, '2014-11-29 22:53:30'),
(1334, 1, 0, '2014-11-29 22:53:46'),
(1335, 1, 1, '2014-11-29 22:54:40'),
(1336, 1, 0, '2014-11-29 22:54:56'),
(1337, 1, 1, '2014-11-29 22:55:47'),
(1338, 1, 0, '2014-11-29 22:56:04'),
(1339, 1, 1, '2014-11-29 22:57:28'),
(1340, 1, 0, '2014-11-29 22:58:27'),
(1341, 1, 1, '2014-11-29 23:03:32'),
(1342, 1, 0, '2014-11-29 23:04:22'),
(1343, 1, 1, '2014-11-29 23:04:29'),
(1344, 1, 0, '2014-11-29 23:05:06'),
(1345, 1, 1, '2014-11-29 23:06:07'),
(1346, 1, 0, '2014-11-29 23:06:30'),
(1347, 1, 1, '2014-11-29 23:08:09'),
(1348, 1, 0, '2014-11-29 23:11:17'),
(1349, 1, 1, '2014-11-29 23:58:24'),
(1350, 1, 0, '2014-11-29 23:58:35'),
(1351, 1, 1, '2014-11-30 00:00:11'),
(1352, 2, 1, '2014-11-30 00:01:22'),
(1353, 2, 0, '2014-11-30 00:01:58'),
(1354, 1, 0, '2014-11-30 00:02:28'),
(1355, 1, 1, '2014-11-30 00:03:03'),
(1356, 1, 0, '2014-11-30 00:03:22'),
(1357, 1, 1, '2014-11-30 00:35:00'),
(1358, 1, 0, '2014-11-30 00:35:02'),
(1359, 1, 1, '2014-11-30 00:35:06'),
(1360, 1, 0, '2014-11-30 00:36:56'),
(1361, 1, 1, '2014-11-30 00:37:00'),
(1362, 1, 0, '2014-11-30 00:38:51'),
(1363, 1, 1, '2014-11-30 00:39:27'),
(1364, 1, 0, '2014-11-30 00:39:52'),
(1365, 1, 1, '2014-11-30 00:40:45'),
(1366, 1, 0, '2014-11-30 00:41:07'),
(1367, 1, 1, '2014-11-30 00:44:35'),
(1368, 1, 0, '2014-11-30 00:45:42'),
(1369, 1, 1, '2014-11-30 00:54:49'),
(1370, 1, 0, '2014-11-30 00:55:09'),
(1371, 1, 1, '2014-11-30 00:55:15'),
(1372, 2, 1, '2014-11-30 00:57:58'),
(1373, 2, 0, '2014-11-30 00:58:05'),
(1374, 2, 1, '2014-11-30 00:58:26'),
(1375, 2, 0, '2014-11-30 00:58:29'),
(1376, 2, 1, '2014-11-30 00:58:40'),
(1377, 2, 0, '2014-11-30 00:58:43'),
(1378, 1, 0, '2014-11-30 01:03:46'),
(1379, 1, 1, '2014-11-30 01:06:07'),
(1380, 1, 0, '2014-11-30 01:06:41'),
(1381, 1, 1, '2014-11-30 01:09:25'),
(1382, 1, 0, '2014-11-30 01:09:31'),
(1383, 1, 1, '2014-11-30 01:10:10'),
(1384, 1, 0, '2014-11-30 01:10:29'),
(1385, 1, 1, '2014-11-30 01:10:43'),
(1386, 2, 1, '2014-11-30 01:10:54'),
(1387, 1, 0, '2014-11-30 01:12:01'),
(1388, 2, 0, '2014-11-30 01:13:48'),
(1389, 1, 1, '2014-11-30 01:14:50'),
(1390, 1, 0, '2014-11-30 01:14:55'),
(1391, 1, 1, '2014-11-30 01:16:42'),
(1392, 1, 0, '2014-11-30 01:18:06'),
(1393, 1, 1, '2014-11-30 01:21:08'),
(1394, 1, 0, '2014-11-30 01:23:40'),
(1395, 1, 1, '2014-11-30 01:23:45'),
(1396, 1, 0, '2014-11-30 01:24:57'),
(1397, 1, 1, '2014-11-30 01:25:28'),
(1398, 1, 0, '2014-11-30 01:25:29'),
(1399, 1, 1, '2014-11-30 01:25:35'),
(1400, 1, 0, '2014-11-30 01:27:11'),
(1401, 1, 1, '2014-11-30 01:27:18'),
(1402, 2, 1, '2014-11-30 01:36:54'),
(1403, 2, 0, '2014-11-30 01:38:44'),
(1404, 1, 0, '0000-00-00 00:00:00'),
(1405, 1, 1, '2014-11-30 01:38:52'),
(1406, 1, 0, '2014-11-30 01:39:02'),
(1407, 1, 0, '2014-11-30 01:39:20'),
(1408, 1, 1, '2014-11-30 01:39:36'),
(1409, 2, 1, '2014-11-30 01:42:13'),
(1410, 2, 0, '2014-11-30 01:43:17'),
(1411, 3, 1, '2014-11-30 01:46:47'),
(1412, 2, 1, '2014-11-30 01:47:06'),
(1413, 2, 0, '2014-11-30 01:47:51'),
(1414, 3, 0, '2014-11-30 01:48:02'),
(1415, 1, 0, '2014-11-30 01:48:03'),
(1416, 1, 1, '2014-11-30 01:48:51'),
(1417, 2, 1, '2014-11-30 01:53:31'),
(1418, 2, 0, '2014-11-30 01:56:39'),
(1419, 1, 0, '0000-00-00 00:00:00'),
(1420, 1, 1, '2014-11-30 02:01:34'),
(1421, 1, 0, '0000-00-00 00:00:00'),
(1422, 1, 0, '2014-11-30 02:03:08'),
(1423, 1, 0, '2014-11-30 02:03:10'),
(1424, 1, 1, '2014-11-30 02:03:20'),
(1425, 1, 0, '0000-00-00 00:00:00'),
(1426, 1, 0, '2014-11-30 02:04:31'),
(1427, 1, 1, '2014-11-30 13:03:19'),
(1428, 2, 1, '2014-11-30 13:03:41'),
(1429, 2, 0, '2014-11-30 13:05:28'),
(1430, 2, 1, '2014-11-30 13:05:34'),
(1431, 2, 0, '2014-11-30 13:06:25'),
(1432, 2, 1, '2014-11-30 13:06:31'),
(1433, 2, 0, '2014-11-30 13:08:44'),
(1434, 2, 1, '2014-11-30 13:09:28'),
(1435, 2, 0, '2014-11-30 13:14:10'),
(1436, 2, 1, '2014-11-30 13:16:29'),
(1437, 2, 0, '2014-11-30 17:24:22'),
(1438, 1, 0, '2014-11-30 17:27:13'),
(1439, 1, 1, '2014-11-30 17:54:37'),
(1440, 2, 1, '2014-11-30 17:56:44'),
(1441, 1, 0, '0000-00-00 00:00:00'),
(1442, 1, 1, '2014-11-30 17:59:13'),
(1443, 3, 1, '2014-11-30 17:59:21'),
(1444, 3, 0, '2014-11-30 17:59:26'),
(1445, 1, 0, '2014-11-30 17:59:28'),
(1446, 2, 0, '2014-11-30 17:59:30'),
(1447, 1, 1, '2014-11-30 19:04:54'),
(1448, 1, 0, '2014-11-30 19:06:22'),
(1449, 1, 1, '2014-11-30 19:11:51'),
(1450, 1, 0, '2014-11-30 21:07:14'),
(1451, 1, 1, '2014-11-30 21:45:09'),
(1452, 1, 0, '2014-11-30 21:45:27'),
(1453, 1, 1, '2014-11-30 22:02:37'),
(1454, 1, 0, '2014-11-30 22:02:55'),
(1455, 1, 1, '2014-11-30 22:03:58'),
(1456, 1, 0, '2014-11-30 22:04:15'),
(1457, 1, 1, '2014-11-30 22:04:38'),
(1458, 1, 0, '2014-11-30 22:05:36'),
(1459, 1, 1, '2014-11-30 22:18:03'),
(1460, 1, 0, '2014-11-30 23:09:17'),
(1461, 1, 1, '2014-11-30 23:17:12'),
(1462, 1, 0, '2014-11-30 23:17:41'),
(1463, 1, 1, '2014-11-30 23:18:33'),
(1464, 1, 0, '2014-11-30 23:18:48'),
(1465, 1, 1, '2014-11-30 23:19:08'),
(1466, 2, 1, '2014-11-30 23:24:56'),
(1467, 3, 1, '2014-11-30 23:26:34'),
(1468, 3, 0, '2014-11-30 23:26:52'),
(1469, 3, 1, '2014-11-30 23:43:05'),
(1470, 4, 1, '2014-11-30 23:47:30'),
(1471, 5, 1, '2014-11-30 23:48:43'),
(1472, 5, 0, '2014-11-30 23:49:23'),
(1473, 5, 1, '2014-11-30 23:49:33'),
(1474, 6, 1, '2014-11-30 23:49:44'),
(1475, 6, 0, '2014-11-30 23:50:30'),
(1476, 5, 0, '2014-11-30 23:50:32'),
(1477, 4, 0, '2014-11-30 23:50:33'),
(1478, 3, 0, '2014-11-30 23:50:34'),
(1479, 2, 0, '2014-11-30 23:50:35'),
(1480, 1, 0, '2014-11-30 23:50:35'),
(1481, 1, 1, '2014-12-01 00:50:08'),
(1482, 1, 0, '2014-12-01 00:51:29'),
(1483, 1, 1, '2014-12-01 00:51:35'),
(1484, 1, 0, '2014-12-01 00:54:19'),
(1485, 1, 1, '2014-12-01 01:18:35'),
(1486, 1, 0, '2014-12-01 01:19:16'),
(1487, 1, 1, '2014-12-01 01:19:20'),
(1488, 2, 1, '2014-12-01 01:20:47'),
(1489, 3, 1, '2014-12-01 01:23:51'),
(1490, 3, 0, '2014-12-01 01:25:46'),
(1491, 2, 0, '2014-12-01 01:25:47'),
(1492, 1, 0, '2014-12-01 01:25:47'),
(1493, 1, 1, '2014-12-01 01:25:51'),
(1494, 1, 0, '2014-12-01 01:26:22'),
(1495, 1, 1, '2014-12-01 01:27:29'),
(1496, 2, 1, '2014-12-01 01:30:07'),
(1497, 2, 0, '2014-12-01 01:30:25'),
(1498, 2, 1, '2014-12-01 01:31:36'),
(1499, 2, 0, '2014-12-01 01:32:02'),
(1500, 2, 1, '2014-12-01 01:38:12'),
(1501, 3, 1, '2014-12-01 01:38:30'),
(1502, 3, 0, '2014-12-01 01:39:24'),
(1503, 2, 0, '2014-12-01 01:39:48'),
(1504, 1, 0, '2014-12-01 01:39:54'),
(1505, 1, 1, '2014-12-01 09:51:20'),
(1506, 1, 0, '2014-12-01 09:58:29'),
(1507, 1, 1, '2014-12-01 10:11:58'),
(1508, 1, 0, '2014-12-01 10:12:19'),
(1509, 1, 1, '2014-12-01 10:12:24'),
(1510, 1, 0, '2014-12-01 10:13:09'),
(1511, 1, 1, '2014-12-01 10:13:14'),
(1512, 1, 0, '2014-12-01 10:15:53'),
(1513, 1, 1, '2014-12-01 10:15:58'),
(1514, 1, 0, '2014-12-01 10:16:20'),
(1515, 1, 1, '2014-12-01 10:17:31'),
(1516, 1, 0, '2014-12-01 10:17:53'),
(1517, 1, 1, '2014-12-01 10:37:17'),
(1518, 1, 0, '2014-12-01 10:37:53'),
(1519, 1, 1, '2014-12-01 10:38:27'),
(1520, 1, 0, '2014-12-01 10:38:46'),
(1521, 1, 1, '2014-12-01 10:39:29'),
(1522, 1, 0, '2014-12-01 10:40:13'),
(1523, 1, 1, '2014-12-01 11:22:58'),
(1524, 2, 1, '2014-12-01 11:25:21'),
(1525, 2, 0, '2014-12-01 11:25:54'),
(1526, 2, 1, '2014-12-01 11:25:59'),
(1527, 3, 1, '2014-12-01 11:27:30'),
(1528, 3, 0, '2014-12-01 11:30:36'),
(1529, 2, 0, '2014-12-01 11:30:36'),
(1530, 1, 0, '2014-12-01 11:30:37'),
(1531, 1, 1, '2014-12-01 11:30:44'),
(1532, 2, 1, '2014-12-01 11:30:56'),
(1533, 3, 1, '2014-12-01 11:37:46'),
(1534, 3, 0, '2014-12-01 11:38:16'),
(1535, 2, 0, '2014-12-01 11:38:17'),
(1536, 1, 0, '2014-12-01 11:38:18'),
(1537, 1, 1, '2014-12-01 11:38:24'),
(1538, 2, 1, '2014-12-01 11:39:04'),
(1539, 1, 0, '2014-12-01 11:39:15'),
(1540, 1, 1, '2014-12-01 11:39:29'),
(1541, 1, 0, '2014-12-01 11:41:04'),
(1542, 2, 0, '2014-12-01 11:41:07'),
(1543, 1, 1, '2014-12-01 11:41:14'),
(1544, 2, 1, '2014-12-01 11:41:27'),
(1545, 2, 0, '2014-12-01 11:41:53'),
(1546, 1, 0, '2014-12-01 11:44:52'),
(1547, 1, 1, '2014-12-01 11:44:59'),
(1548, 2, 1, '2014-12-01 11:45:05'),
(1549, 3, 1, '2014-12-01 11:50:31'),
(1550, 2, 0, '2014-12-01 11:50:50'),
(1551, 3, 0, '2014-12-01 11:50:51'),
(1552, 2, 1, '2014-12-01 11:56:44'),
(1553, 2, 0, '2014-12-01 12:04:27'),
(1554, 2, 1, '2014-12-01 12:04:31'),
(1555, 2, 0, '2014-12-01 12:04:57');

-- --------------------------------------------------------

--
-- Table structure for table `event_dates`
--

CREATE TABLE IF NOT EXISTS `event_dates` (
`event_id` mediumint(8) unsigned NOT NULL,
  `event_name` varchar(20) NOT NULL,
  `event_start` datetime NOT NULL,
  `event_ending` datetime NOT NULL,
  `event_description` varchar(45) NOT NULL
) ENGINE=InnoDB DEFAULT CHARSET=latin1 AUTO_INCREMENT=1 ;

-- --------------------------------------------------------

--
-- Table structure for table `price_per_product_price_class`
--

CREATE TABLE IF NOT EXISTS `price_per_product_price_class` (
  `product_version_id` mediumint(8) unsigned NOT NULL,
  `product_type_id` mediumint(8) unsigned NOT NULL,
  `product_price_class_id` mediumint(8) unsigned NOT NULL,
  `product_price` mediumint(8) unsigned NOT NULL
) ENGINE=InnoDB DEFAULT CHARSET=latin1;

--
-- Dumping data for table `price_per_product_price_class`
--

INSERT INTO `price_per_product_price_class` (`product_version_id`, `product_type_id`, `product_price_class_id`, `product_price`) VALUES
(1, 20, 1, 90),
(1, 20, 2, 50),
(1, 20, 3, 150),
(1, 21, 1, 125),
(1, 21, 2, 100),
(1, 21, 3, 200),
(1, 22, 1, 90),
(1, 22, 2, 50),
(1, 22, 3, 150),
(1, 23, 1, 90),
(1, 23, 2, 50),
(1, 23, 3, 150);

-- --------------------------------------------------------

--
-- Table structure for table `product_bar_visibility`
--

CREATE TABLE IF NOT EXISTS `product_bar_visibility` (
  `product_version_id` mediumint(8) unsigned NOT NULL,
  `product_type_id` mediumint(8) unsigned NOT NULL,
  `bar_id` mediumint(8) unsigned NOT NULL,
  `product_bar_visibility` tinyint(1) NOT NULL
) ENGINE=InnoDB DEFAULT CHARSET=latin1;

--
-- Dumping data for table `product_bar_visibility`
--

INSERT INTO `product_bar_visibility` (`product_version_id`, `product_type_id`, `bar_id`, `product_bar_visibility`) VALUES
(1, 20, 1, 1),
(1, 20, 2, 1),
(1, 21, 1, 1),
(1, 22, 1, 1),
(1, 22, 2, 1),
(1, 23, 1, 1),
(1, 23, 2, 1);

-- --------------------------------------------------------

--
-- Table structure for table `product_class`
--

CREATE TABLE IF NOT EXISTS `product_class` (
`product_class_id` mediumint(8) unsigned NOT NULL,
  `class_name` varchar(45) NOT NULL,
  `class_color_hex` char(6) NOT NULL,
  `is_removed` tinyint(1) NOT NULL DEFAULT '0'
) ENGINE=InnoDB  DEFAULT CHARSET=latin1 AUTO_INCREMENT=4 ;

--
-- Dumping data for table `product_class`
--

INSERT INTO `product_class` (`product_class_id`, `class_name`, `class_color_hex`, `is_removed`) VALUES
(1, 'Fris', 'DB8C0D', 0),
(2, 'Pils', 'FFFF33', 0),
(3, 'Speciaal Bier', '33ffff', 0);

-- --------------------------------------------------------

--
-- Table structure for table `product_price_class`
--

CREATE TABLE IF NOT EXISTS `product_price_class` (
`product_price_class_id` mediumint(8) unsigned NOT NULL,
  `class_name` varchar(45) NOT NULL,
  `is_removed` tinyint(1) NOT NULL DEFAULT '0'
) ENGINE=InnoDB  DEFAULT CHARSET=latin1 AUTO_INCREMENT=4 ;

--
-- Dumping data for table `product_price_class`
--

INSERT INTO `product_price_class` (`product_price_class_id`, `class_name`, `is_removed`) VALUES
(1, 'Normaal', 0),
(2, 'Evenement', 0),
(3, 'Extern', 0);

-- --------------------------------------------------------

--
-- Table structure for table `product_transactions`
--

CREATE TABLE IF NOT EXISTS `product_transactions` (
`product_transaction_id` mediumint(8) unsigned NOT NULL,
  `product_version_id` mediumint(8) unsigned NOT NULL,
  `product_type_id` mediumint(8) unsigned NOT NULL,
  `transaction_credit_id` mediumint(8) unsigned NOT NULL,
  `product_amount` smallint(5) unsigned NOT NULL
) ENGINE=InnoDB  DEFAULT CHARSET=latin1 AUTO_INCREMENT=3 ;

-- --------------------------------------------------------

--
-- Table structure for table `product_types`
--

CREATE TABLE IF NOT EXISTS `product_types` (
  `product_version_id` mediumint(8) unsigned NOT NULL,
  `product_type_id` mediumint(8) unsigned NOT NULL,
  `product_class_id` mediumint(8) unsigned NOT NULL,
  `product_price_class_id` mediumint(8) unsigned NOT NULL,
  `product_price` mediumint(8) unsigned NOT NULL,
  `product_name` varchar(20) NOT NULL,
  `creation_date` datetime NOT NULL,
  `supply_product_id` mediumint(8) unsigned NOT NULL,
  `supply_product_percentage` float unsigned NOT NULL,
  `is_removed` tinyint(1) NOT NULL DEFAULT '0'
) ENGINE=InnoDB DEFAULT CHARSET=latin1;

--
-- Dumping data for table `product_types`
--

INSERT INTO `product_types` (`product_version_id`, `product_type_id`, `product_class_id`, `product_price_class_id`, `product_price`, `product_name`, `creation_date`, `supply_product_id`, `supply_product_percentage`, `is_removed`) VALUES
(1, 20, 1, 1, 0, 'Sprite', '2014-12-01 11:31:19', 1, 100, 0),
(1, 21, 2, 1, 0, 'Bier', '2014-12-01 11:40:50', 1, 100, 0),
(1, 22, 1, 1, 0, 'Fanta', '2014-12-01 11:45:29', 1, 100, 0),
(1, 23, 1, 1, 0, 'Cassis', '2014-12-01 11:46:31', 1, 100, 0);

-- --------------------------------------------------------

--
-- Table structure for table `supply_orders`
--

CREATE TABLE IF NOT EXISTS `supply_orders` (
  `supply_order_id` mediumint(8) unsigned NOT NULL,
  `order_date` datetime NOT NULL,
  `order_price` mediumint(8) unsigned NOT NULL,
  `admin_id` mediumint(8) unsigned NOT NULL
) ENGINE=InnoDB DEFAULT CHARSET=latin1;

-- --------------------------------------------------------

--
-- Table structure for table `supply_order_list`
--

CREATE TABLE IF NOT EXISTS `supply_order_list` (
`supply_order_list_id` mediumint(8) unsigned NOT NULL,
  `supply_order_id` mediumint(8) unsigned NOT NULL,
  `supply_product_id` mediumint(8) unsigned NOT NULL,
  `supply_product_amount` smallint(6) NOT NULL,
  `current_supply_product_price` mediumint(9) NOT NULL
) ENGINE=InnoDB DEFAULT CHARSET=latin1 AUTO_INCREMENT=1 ;

-- --------------------------------------------------------

--
-- Table structure for table `supply_products`
--

CREATE TABLE IF NOT EXISTS `supply_products` (
`supply_product_id` mediumint(8) unsigned NOT NULL,
  `product_name` varchar(45) NOT NULL,
  `current_supply_amount` float unsigned NOT NULL,
  `critical_supply_amount` float unsigned NOT NULL
) ENGINE=InnoDB  DEFAULT CHARSET=latin1 AUTO_INCREMENT=2 ;

--
-- Dumping data for table `supply_products`
--

INSERT INTO `supply_products` (`supply_product_id`, `product_name`, `current_supply_amount`, `critical_supply_amount`) VALUES
(1, 'TEST', 10000, 10);

-- --------------------------------------------------------

--
-- Table structure for table `transactions_credit`
--

CREATE TABLE IF NOT EXISTS `transactions_credit` (
`transaction_credit_id` mediumint(8) unsigned NOT NULL,
  `account_id` mediumint(8) unsigned NOT NULL,
  `admin_id` mediumint(8) unsigned NOT NULL,
  `client_id` mediumint(8) unsigned NOT NULL,
  `transaction_type_id` mediumint(8) unsigned NOT NULL,
  `transaction_date` datetime NOT NULL,
  `transaction_amount` mediumint(9) NOT NULL
) ENGINE=InnoDB  DEFAULT CHARSET=latin1 AUTO_INCREMENT=2 ;

-- --------------------------------------------------------

--
-- Table structure for table `transactions_debit`
--

CREATE TABLE IF NOT EXISTS `transactions_debit` (
`transaction_debit_id` mediumint(8) unsigned NOT NULL,
  `account_id` mediumint(8) unsigned NOT NULL,
  `admin_id` mediumint(8) unsigned NOT NULL,
  `client_id` mediumint(8) unsigned NOT NULL,
  `transaction_type_id` mediumint(8) unsigned NOT NULL,
  `transaction_date` datetime NOT NULL,
  `transaction_amount` mediumint(9) NOT NULL
) ENGINE=InnoDB  DEFAULT CHARSET=latin1 AUTO_INCREMENT=2 ;

-- --------------------------------------------------------

--
-- Table structure for table `transaction_types`
--

CREATE TABLE IF NOT EXISTS `transaction_types` (
`transaction_type_id` mediumint(8) unsigned NOT NULL,
  `transaction_type_name` varchar(45) NOT NULL
) ENGINE=InnoDB  DEFAULT CHARSET=latin1 AUTO_INCREMENT=5 ;

--
-- Dumping data for table `transaction_types`
--

INSERT INTO `transaction_types` (`transaction_type_id`, `transaction_type_name`) VALUES
(1, 'barpas'),
(2, 'pin'),
(3, 'contant'),
(4, 'schrapkaart');

-- --------------------------------------------------------

--
-- Table structure for table `users`
--

CREATE TABLE IF NOT EXISTS `users` (
`user_id` mediumint(8) unsigned NOT NULL,
  `account_id` mediumint(8) unsigned NOT NULL,
  `first_name` varchar(20) NOT NULL,
  `last_name` varchar(40) NOT NULL,
  `email` varchar(40) NOT NULL,
  `pass` char(40) NOT NULL,
  `registration_date` datetime NOT NULL,
  `birth_date` date NOT NULL
) ENGINE=InnoDB  DEFAULT CHARSET=latin1 AUTO_INCREMENT=2 ;

--
-- Dumping data for table `users`
--

INSERT INTO `users` (`user_id`, `account_id`, `first_name`, `last_name`, `email`, `pass`, `registration_date`, `birth_date`) VALUES
(1, 1, 'Jaap', 'Wesdorp', 'Jaapwesdorp@gmail.com', '789b49606c321c8cf228d17942608eff0ccc4171', '2014-09-20 23:51:17', '1993-03-25');

-- --------------------------------------------------------

--
-- Table structure for table `wegboek_accounts`
--

CREATE TABLE IF NOT EXISTS `wegboek_accounts` (
`wegboek_account_id` mediumint(8) unsigned NOT NULL,
  `account_id` mediumint(8) unsigned NOT NULL
) ENGINE=InnoDB  DEFAULT CHARSET=latin1 AUTO_INCREMENT=45 ;

--
-- Dumping data for table `wegboek_accounts`
--

INSERT INTO `wegboek_accounts` (`wegboek_account_id`, `account_id`) VALUES
(43, 11),
(44, 16);

--
-- Indexes for dumped tables
--

--
-- Indexes for table `accounts`
--
ALTER TABLE `accounts`
 ADD PRIMARY KEY (`account_id`);

--
-- Indexes for table `admins`
--
ALTER TABLE `admins`
 ADD PRIMARY KEY (`admin_id`), ADD KEY `user_id` (`user_id`);

--
-- Indexes for table `admin_changes`
--
ALTER TABLE `admin_changes`
 ADD PRIMARY KEY (`admin_change_id`), ADD KEY `current_product_price_class_id` (`current_product_price_class_id`), ADD KEY `admin_id` (`admin_id`);

--
-- Indexes for table `admin_logs`
--
ALTER TABLE `admin_logs`
 ADD PRIMARY KEY (`admin_log_id`), ADD KEY `bar_id` (`bar_id`), ADD KEY `admin_id` (`admin_id`);

--
-- Indexes for table `bars`
--
ALTER TABLE `bars`
 ADD PRIMARY KEY (`bar_id`);

--
-- Indexes for table `cards`
--
ALTER TABLE `cards`
 ADD PRIMARY KEY (`card_id`), ADD KEY `account_id` (`account_id`);

--
-- Indexes for table `clients`
--
ALTER TABLE `clients`
 ADD PRIMARY KEY (`client_id`), ADD KEY `bar_id` (`bar_id`);

--
-- Indexes for table `client_logs`
--
ALTER TABLE `client_logs`
 ADD PRIMARY KEY (`client_log_id`), ADD KEY `client_id` (`client_id`);

--
-- Indexes for table `event_dates`
--
ALTER TABLE `event_dates`
 ADD PRIMARY KEY (`event_id`);

--
-- Indexes for table `price_per_product_price_class`
--
ALTER TABLE `price_per_product_price_class`
 ADD PRIMARY KEY (`product_version_id`,`product_type_id`,`product_price_class_id`), ADD KEY `product_price_class_id` (`product_price_class_id`);

--
-- Indexes for table `product_bar_visibility`
--
ALTER TABLE `product_bar_visibility`
 ADD PRIMARY KEY (`product_version_id`,`product_type_id`,`bar_id`), ADD KEY `bar_id` (`bar_id`);

--
-- Indexes for table `product_class`
--
ALTER TABLE `product_class`
 ADD PRIMARY KEY (`product_class_id`);

--
-- Indexes for table `product_price_class`
--
ALTER TABLE `product_price_class`
 ADD PRIMARY KEY (`product_price_class_id`);

--
-- Indexes for table `product_transactions`
--
ALTER TABLE `product_transactions`
 ADD PRIMARY KEY (`product_transaction_id`), ADD KEY `product_version_id` (`product_version_id`,`product_type_id`), ADD KEY `transaction_credit_id` (`transaction_credit_id`);

--
-- Indexes for table `product_types`
--
ALTER TABLE `product_types`
 ADD PRIMARY KEY (`product_version_id`,`product_type_id`), ADD KEY `product_class_id` (`product_class_id`), ADD KEY `product_price_class_id` (`product_price_class_id`), ADD KEY `supply_product_id` (`supply_product_id`);

--
-- Indexes for table `supply_orders`
--
ALTER TABLE `supply_orders`
 ADD PRIMARY KEY (`supply_order_id`), ADD KEY `admin_id` (`admin_id`);

--
-- Indexes for table `supply_order_list`
--
ALTER TABLE `supply_order_list`
 ADD PRIMARY KEY (`supply_order_list_id`), ADD KEY `supply_order_id` (`supply_order_id`), ADD KEY `supply_product_id` (`supply_product_id`);

--
-- Indexes for table `supply_products`
--
ALTER TABLE `supply_products`
 ADD PRIMARY KEY (`supply_product_id`);

--
-- Indexes for table `transactions_credit`
--
ALTER TABLE `transactions_credit`
 ADD PRIMARY KEY (`transaction_credit_id`), ADD KEY `account_id` (`account_id`), ADD KEY `admin_id` (`admin_id`), ADD KEY `client_id` (`client_id`), ADD KEY `transaction_type_id` (`transaction_type_id`);

--
-- Indexes for table `transactions_debit`
--
ALTER TABLE `transactions_debit`
 ADD PRIMARY KEY (`transaction_debit_id`), ADD KEY `account_id` (`account_id`), ADD KEY `admin_id` (`admin_id`), ADD KEY `client_id` (`client_id`), ADD KEY `transaction_type_id` (`transaction_type_id`);

--
-- Indexes for table `transaction_types`
--
ALTER TABLE `transaction_types`
 ADD PRIMARY KEY (`transaction_type_id`);

--
-- Indexes for table `users`
--
ALTER TABLE `users`
 ADD PRIMARY KEY (`user_id`), ADD KEY `account_id` (`account_id`);

--
-- Indexes for table `wegboek_accounts`
--
ALTER TABLE `wegboek_accounts`
 ADD PRIMARY KEY (`wegboek_account_id`), ADD KEY `account_id` (`account_id`);

--
-- AUTO_INCREMENT for dumped tables
--

--
-- AUTO_INCREMENT for table `accounts`
--
ALTER TABLE `accounts`
MODIFY `account_id` mediumint(8) unsigned NOT NULL AUTO_INCREMENT,AUTO_INCREMENT=21;
--
-- AUTO_INCREMENT for table `admins`
--
ALTER TABLE `admins`
MODIFY `admin_id` mediumint(8) unsigned NOT NULL AUTO_INCREMENT,AUTO_INCREMENT=4;
--
-- AUTO_INCREMENT for table `admin_changes`
--
ALTER TABLE `admin_changes`
MODIFY `admin_change_id` mediumint(8) unsigned NOT NULL AUTO_INCREMENT,AUTO_INCREMENT=96;
--
-- AUTO_INCREMENT for table `admin_logs`
--
ALTER TABLE `admin_logs`
MODIFY `admin_log_id` mediumint(8) unsigned NOT NULL AUTO_INCREMENT,AUTO_INCREMENT=605;
--
-- AUTO_INCREMENT for table `bars`
--
ALTER TABLE `bars`
MODIFY `bar_id` mediumint(8) unsigned NOT NULL AUTO_INCREMENT,AUTO_INCREMENT=3;
--
-- AUTO_INCREMENT for table `cards`
--
ALTER TABLE `cards`
MODIFY `card_id` mediumint(8) unsigned NOT NULL AUTO_INCREMENT,AUTO_INCREMENT=25;
--
-- AUTO_INCREMENT for table `clients`
--
ALTER TABLE `clients`
MODIFY `client_id` mediumint(8) unsigned NOT NULL AUTO_INCREMENT,AUTO_INCREMENT=7;
--
-- AUTO_INCREMENT for table `client_logs`
--
ALTER TABLE `client_logs`
MODIFY `client_log_id` mediumint(8) unsigned NOT NULL AUTO_INCREMENT,AUTO_INCREMENT=1556;
--
-- AUTO_INCREMENT for table `event_dates`
--
ALTER TABLE `event_dates`
MODIFY `event_id` mediumint(8) unsigned NOT NULL AUTO_INCREMENT;
--
-- AUTO_INCREMENT for table `product_class`
--
ALTER TABLE `product_class`
MODIFY `product_class_id` mediumint(8) unsigned NOT NULL AUTO_INCREMENT,AUTO_INCREMENT=4;
--
-- AUTO_INCREMENT for table `product_price_class`
--
ALTER TABLE `product_price_class`
MODIFY `product_price_class_id` mediumint(8) unsigned NOT NULL AUTO_INCREMENT,AUTO_INCREMENT=4;
--
-- AUTO_INCREMENT for table `product_transactions`
--
ALTER TABLE `product_transactions`
MODIFY `product_transaction_id` mediumint(8) unsigned NOT NULL AUTO_INCREMENT,AUTO_INCREMENT=3;
--
-- AUTO_INCREMENT for table `supply_order_list`
--
ALTER TABLE `supply_order_list`
MODIFY `supply_order_list_id` mediumint(8) unsigned NOT NULL AUTO_INCREMENT;
--
-- AUTO_INCREMENT for table `supply_products`
--
ALTER TABLE `supply_products`
MODIFY `supply_product_id` mediumint(8) unsigned NOT NULL AUTO_INCREMENT,AUTO_INCREMENT=2;
--
-- AUTO_INCREMENT for table `transactions_credit`
--
ALTER TABLE `transactions_credit`
MODIFY `transaction_credit_id` mediumint(8) unsigned NOT NULL AUTO_INCREMENT,AUTO_INCREMENT=2;
--
-- AUTO_INCREMENT for table `transactions_debit`
--
ALTER TABLE `transactions_debit`
MODIFY `transaction_debit_id` mediumint(8) unsigned NOT NULL AUTO_INCREMENT,AUTO_INCREMENT=2;
--
-- AUTO_INCREMENT for table `transaction_types`
--
ALTER TABLE `transaction_types`
MODIFY `transaction_type_id` mediumint(8) unsigned NOT NULL AUTO_INCREMENT,AUTO_INCREMENT=5;
--
-- AUTO_INCREMENT for table `users`
--
ALTER TABLE `users`
MODIFY `user_id` mediumint(8) unsigned NOT NULL AUTO_INCREMENT,AUTO_INCREMENT=2;
--
-- AUTO_INCREMENT for table `wegboek_accounts`
--
ALTER TABLE `wegboek_accounts`
MODIFY `wegboek_account_id` mediumint(8) unsigned NOT NULL AUTO_INCREMENT,AUTO_INCREMENT=45;
--
-- Constraints for dumped tables
--

--
-- Constraints for table `admins`
--
ALTER TABLE `admins`
ADD CONSTRAINT `admins_ibfk_1` FOREIGN KEY (`user_id`) REFERENCES `users` (`user_id`);

--
-- Constraints for table `admin_changes`
--
ALTER TABLE `admin_changes`
ADD CONSTRAINT `admin_changes_ibfk_1` FOREIGN KEY (`current_product_price_class_id`) REFERENCES `product_price_class` (`product_price_class_id`),
ADD CONSTRAINT `admin_changes_ibfk_2` FOREIGN KEY (`admin_id`) REFERENCES `admins` (`admin_id`);

--
-- Constraints for table `admin_logs`
--
ALTER TABLE `admin_logs`
ADD CONSTRAINT `admin_logs_ibfk_1` FOREIGN KEY (`bar_id`) REFERENCES `bars` (`bar_id`),
ADD CONSTRAINT `admin_logs_ibfk_2` FOREIGN KEY (`admin_id`) REFERENCES `admins` (`admin_id`);

--
-- Constraints for table `cards`
--
ALTER TABLE `cards`
ADD CONSTRAINT `cards_ibfk_1` FOREIGN KEY (`account_id`) REFERENCES `accounts` (`account_id`);

--
-- Constraints for table `clients`
--
ALTER TABLE `clients`
ADD CONSTRAINT `clients_ibfk_1` FOREIGN KEY (`bar_id`) REFERENCES `bars` (`bar_id`);

--
-- Constraints for table `client_logs`
--
ALTER TABLE `client_logs`
ADD CONSTRAINT `client_logs_ibfk_1` FOREIGN KEY (`client_id`) REFERENCES `clients` (`client_id`);

--
-- Constraints for table `price_per_product_price_class`
--
ALTER TABLE `price_per_product_price_class`
ADD CONSTRAINT `price_per_product_price_class_ibfk_1` FOREIGN KEY (`product_version_id`, `product_type_id`) REFERENCES `product_types` (`product_version_id`, `product_type_id`),
ADD CONSTRAINT `price_per_product_price_class_ibfk_2` FOREIGN KEY (`product_price_class_id`) REFERENCES `product_price_class` (`product_price_class_id`);

--
-- Constraints for table `product_bar_visibility`
--
ALTER TABLE `product_bar_visibility`
ADD CONSTRAINT `product_bar_visibility_ibfk_1` FOREIGN KEY (`product_version_id`, `product_type_id`) REFERENCES `product_types` (`product_version_id`, `product_type_id`),
ADD CONSTRAINT `product_bar_visibility_ibfk_2` FOREIGN KEY (`bar_id`) REFERENCES `bars` (`bar_id`);

--
-- Constraints for table `product_transactions`
--
ALTER TABLE `product_transactions`
ADD CONSTRAINT `product_transactions_ibfk_1` FOREIGN KEY (`product_version_id`, `product_type_id`) REFERENCES `product_types` (`product_version_id`, `product_type_id`),
ADD CONSTRAINT `product_transactions_ibfk_2` FOREIGN KEY (`transaction_credit_id`) REFERENCES `transactions_credit` (`transaction_credit_id`);

--
-- Constraints for table `product_types`
--
ALTER TABLE `product_types`
ADD CONSTRAINT `product_types_ibfk_1` FOREIGN KEY (`product_class_id`) REFERENCES `product_class` (`product_class_id`),
ADD CONSTRAINT `product_types_ibfk_2` FOREIGN KEY (`product_price_class_id`) REFERENCES `product_price_class` (`product_price_class_id`),
ADD CONSTRAINT `product_types_ibfk_3` FOREIGN KEY (`supply_product_id`) REFERENCES `supply_products` (`supply_product_id`);

--
-- Constraints for table `supply_orders`
--
ALTER TABLE `supply_orders`
ADD CONSTRAINT `supply_orders_ibfk_1` FOREIGN KEY (`admin_id`) REFERENCES `admins` (`admin_id`);

--
-- Constraints for table `supply_order_list`
--
ALTER TABLE `supply_order_list`
ADD CONSTRAINT `supply_order_list_ibfk_1` FOREIGN KEY (`supply_order_id`) REFERENCES `supply_orders` (`supply_order_id`),
ADD CONSTRAINT `supply_order_list_ibfk_2` FOREIGN KEY (`supply_product_id`) REFERENCES `supply_products` (`supply_product_id`);

--
-- Constraints for table `transactions_credit`
--
ALTER TABLE `transactions_credit`
ADD CONSTRAINT `transactions_credit_ibfk_1` FOREIGN KEY (`account_id`) REFERENCES `accounts` (`account_id`),
ADD CONSTRAINT `transactions_credit_ibfk_2` FOREIGN KEY (`admin_id`) REFERENCES `admins` (`admin_id`),
ADD CONSTRAINT `transactions_credit_ibfk_3` FOREIGN KEY (`client_id`) REFERENCES `clients` (`client_id`),
ADD CONSTRAINT `transactions_credit_ibfk_4` FOREIGN KEY (`transaction_type_id`) REFERENCES `transaction_types` (`transaction_type_id`);

--
-- Constraints for table `transactions_debit`
--
ALTER TABLE `transactions_debit`
ADD CONSTRAINT `transactions_debit_ibfk_1` FOREIGN KEY (`account_id`) REFERENCES `accounts` (`account_id`),
ADD CONSTRAINT `transactions_debit_ibfk_2` FOREIGN KEY (`admin_id`) REFERENCES `admins` (`admin_id`),
ADD CONSTRAINT `transactions_debit_ibfk_3` FOREIGN KEY (`client_id`) REFERENCES `clients` (`client_id`),
ADD CONSTRAINT `transactions_debit_ibfk_4` FOREIGN KEY (`transaction_type_id`) REFERENCES `transaction_types` (`transaction_type_id`);

--
-- Constraints for table `users`
--
ALTER TABLE `users`
ADD CONSTRAINT `users_ibfk_1` FOREIGN KEY (`account_id`) REFERENCES `accounts` (`account_id`);

--
-- Constraints for table `wegboek_accounts`
--
ALTER TABLE `wegboek_accounts`
ADD CONSTRAINT `wegboek_accounts_ibfk_1` FOREIGN KEY (`account_id`) REFERENCES `accounts` (`account_id`);

/*!40101 SET CHARACTER_SET_CLIENT=@OLD_CHARACTER_SET_CLIENT */;
/*!40101 SET CHARACTER_SET_RESULTS=@OLD_CHARACTER_SET_RESULTS */;
/*!40101 SET COLLATION_CONNECTION=@OLD_COLLATION_CONNECTION */;
